dataset_kind,dataset_id,dataset_slug,dataset_name,country_code,country_name,disease_id,disease_name_en,disease_name_zh,category,date,year_month,cases,weekly_equiv_cases,deaths,incidence_rate_per_100k,incidence_rate_source,mortality_rate,primary_source_scope,primary_source_label,primary_source_url,primary_source_type,source_scopes,source_labels,source_urls,source_types
country,ch,ch,Switzerland,CH,Switzerland,D004,COVID-19,新型冠状病毒感染,Viral,2026-01-01,2026-01,1388,3238.666666666667,0,15.40887129129672,wpp_computed,,foph_idd,Switzerland FOPH IDD,https://www.idd.bag.admin.ch/en/portal-data,rest_api,foph_idd,Switzerland FOPH IDD,https://www.idd.bag.admin.ch/en/portal-data,rest_api
country,ch,ch,Switzerland,CH,Switzerland,D007,Hepatitis A,甲型肝炎,Viral,2026-01-01,2026-01,4,0.9032258064516129,0,0.044405969139183626,wpp_computed,,foph_idd,Switzerland FOPH IDD,https://www.idd.bag.admin.ch/en/portal-data,rest_api,foph_idd,Switzerland FOPH IDD,https://www.idd.bag.admin.ch/en/portal-data,rest_api
country,ch,ch,Switzerland,CH,Switzerland,D008,Hepatitis B,乙型肝炎,Viral,2026-01-01,2026-01,113,25.516129032258064,0,1.2544686281819375,wpp_computed,,foph_idd,Switzerland FOPH IDD,https://www.idd.bag.admin.ch/en/portal-data,rest_api,foph_idd,Switzerland FOPH IDD,https://www.idd.bag.admin.ch/en/portal-data,rest_api
country,ch,ch,Switzerland,CH,Switzerland,D009,Hepatitis C,丙型肝炎,Viral,2026-01-01,2026-01,59,13.322580645161292,0,0.6549880448029585,wpp_computed,,foph_idd,Switzerland FOPH IDD,https://www.idd.bag.admin.ch/en/portal-data,rest_api,foph_idd,Switzerland FOPH IDD,https://www.idd.bag.admin.ch/en/portal-data,rest_api
country,ch,ch,Switzerland,CH,Switzerland,D011,Hepatitis E,戊型肝炎,Viral,2026-01-01,2026-01,9,2.032258064516129,0,0.09991343056316315,wpp_computed,,foph_idd,Switzerland FOPH IDD,https://www.idd.bag.admin.ch/en/portal-data,rest_api,foph_idd,Switzerland FOPH IDD,https://www.idd.bag.admin.ch/en/portal-data,rest_api
country,ch,ch,Switzerland,CH,Switzerland,D017,Measles,麻疹,Viral,2026-01-01,2026-01,2,0.45161290322580644,0,0.022202984569591813,wpp_computed,,foph_idd,Switzerland FOPH IDD,https://www.idd.bag.admin.ch/en/portal-data,rest_api,foph_idd,Switzerland FOPH IDD,https://www.idd.bag.admin.ch/en/portal-data,rest_api
country,ch,ch,Switzerland,CH,Switzerland,D021,Dengue,登革热,Viral,2026-01-01,2026-01,14,3.161290322580645,0,0.1554208919871427,wpp_computed,,foph_idd,Switzerland FOPH IDD,https://www.idd.bag.admin.ch/en/portal-data,rest_api,foph_idd,Switzerland FOPH IDD,https://www.idd.bag.admin.ch/en/portal-data,rest_api
country,ch,ch,Switzerland,CH,Switzerland,D025,Tuberculosis,肺结核,Bacterial,2026-01-01,2026-01,46,10.387096774193548,0,0.5106686451006117,wpp_computed,,foph_idd,Switzerland FOPH IDD,https://www.idd.bag.admin.ch/en/portal-data,rest_api,foph_idd,Switzerland FOPH IDD,https://www.idd.bag.admin.ch/en/portal-data,rest_api
country,ch,ch,Switzerland,CH,Switzerland,D033,Gonorrhea,淋病,Bacterial,2026-01-01,2026-01,654,147.67741935483872,0,7.260375954256523,wpp_computed,,foph_idd,Switzerland FOPH IDD,https://www.idd.bag.admin.ch/en/portal-data,rest_api,foph_idd,Switzerland FOPH IDD,https://www.idd.bag.admin.ch/en/portal-data,rest_api
country,ch,ch,Switzerland,CH,Switzerland,D034,Syphilis,梅毒,Bacterial,2026-01-01,2026-01,103,23.258064516129032,0,1.1434537053339784,wpp_computed,,foph_idd,Switzerland FOPH IDD,https://www.idd.bag.admin.ch/en/portal-data,rest_api,foph_idd,Switzerland FOPH IDD,https://www.idd.bag.admin.ch/en/portal-data,rest_api
country,ch,ch,Switzerland,CH,Switzerland,D037,Malaria,疟疾,Parasitic,2026-01-01,2026-01,34,7.677419354838709,0,0.3774507376830608,wpp_computed,,foph_idd,Switzerland FOPH IDD,https://www.idd.bag.admin.ch/en/portal-data,rest_api,foph_idd,Switzerland FOPH IDD,https://www.idd.bag.admin.ch/en/portal-data,rest_api
country,ch,ch,Switzerland,CH,Switzerland,D038,Influenza,流行性感冒,Viral,2026-01-01,2026-01,10018,23375.333333333336,0,111.2147497090854,wpp_computed,,foph_idd,Switzerland FOPH IDD,https://www.idd.bag.admin.ch/en/portal-data,rest_api,foph_idd,Switzerland FOPH IDD,https://www.idd.bag.admin.ch/en/portal-data,rest_api
country,ch,ch,Switzerland,CH,Switzerland,D052,Chikungunya,基孔肯雅热,Viral,2026-01-01,2026-01,10,2.258064516129032,0,0.11101492284795907,wpp_computed,,foph_idd,Switzerland FOPH IDD,https://www.idd.bag.admin.ch/en/portal-data,rest_api,foph_idd,Switzerland FOPH IDD,https://www.idd.bag.admin.ch/en/portal-data,rest_api
country,ch,ch,Switzerland,CH,Switzerland,D092,Campylobacteriosis,弯曲杆菌病,Bacterial,2026-01-01,2026-01,740,167.09677419354838,0,8.215104290748972,wpp_computed,,foph_idd,Switzerland FOPH IDD,https://www.idd.bag.admin.ch/en/portal-data,rest_api,foph_idd,Switzerland FOPH IDD,https://www.idd.bag.admin.ch/en/portal-data,rest_api
country,ch,ch,Switzerland,CH,Switzerland,D094,Chlamydia trachomatis infection,沙眼衣原体感染,Bacterial,2026-01-01,2026-01,1131,255.38709677419354,0,12.55578777410417,wpp_computed,,foph_idd,Switzerland FOPH IDD,https://www.idd.bag.admin.ch/en/portal-data,rest_api,foph_idd,Switzerland FOPH IDD,https://www.idd.bag.admin.ch/en/portal-data,rest_api
country,ch,ch,Switzerland,CH,Switzerland,D100,Haemophilus influenzae,流感嗜血杆菌,Bacterial,2026-01-01,2026-01,23,5.193548387096774,0,0.25533432255030586,wpp_computed,,foph_idd,Switzerland FOPH IDD,https://www.idd.bag.admin.ch/en/portal-data,rest_api,foph_idd,Switzerland FOPH IDD,https://www.idd.bag.admin.ch/en/portal-data,rest_api
country,ch,ch,Switzerland,CH,Switzerland,D105,Shigellosis,志贺菌病,Bacterial,2026-01-01,2026-01,19,4.290322580645161,0,0.21092835341112223,wpp_computed,,foph_idd,Switzerland FOPH IDD,https://www.idd.bag.admin.ch/en/portal-data,rest_api,foph_idd,Switzerland FOPH IDD,https://www.idd.bag.admin.ch/en/portal-data,rest_api
country,ch,ch,Switzerland,CH,Switzerland,D106,Invasive pneumococcal disease,侵袭性肺炎球菌病,Bacterial,2026-01-01,2026-01,135,30.483870967741932,0,1.4987014584474474,wpp_computed,,foph_idd,Switzerland FOPH IDD,https://www.idd.bag.admin.ch/en/portal-data,rest_api,foph_idd,Switzerland FOPH IDD,https://www.idd.bag.admin.ch/en/portal-data,rest_api
country,ch,ch,Switzerland,CH,Switzerland,D107,Legionellosis,军团菌病,Bacterial,2026-01-01,2026-01,37,8.35483870967742,0,0.41075521453744857,wpp_computed,,foph_idd,Switzerland FOPH IDD,https://www.idd.bag.admin.ch/en/portal-data,rest_api,foph_idd,Switzerland FOPH IDD,https://www.idd.bag.admin.ch/en/portal-data,rest_api
country,ch,ch,Switzerland,CH,Switzerland,D108,Listeriosis,李斯特菌病,Bacterial,2026-01-01,2026-01,5,1.129032258064516,0,0.05550746142397953,wpp_computed,,foph_idd,Switzerland FOPH IDD,https://www.idd.bag.admin.ch/en/portal-data,rest_api,foph_idd,Switzerland FOPH IDD,https://www.idd.bag.admin.ch/en/portal-data,rest_api
country,ch,ch,Switzerland,CH,Switzerland,D109,Lyme disease,莱姆病,Bacterial,2026-01-01,2026-01,86,19.41935483870968,0,0.954728336492448,wpp_computed,,foph_idd,Switzerland FOPH IDD,https://www.idd.bag.admin.ch/en/portal-data,rest_api,foph_idd,Switzerland FOPH IDD,https://www.idd.bag.admin.ch/en/portal-data,rest_api
country,ch,ch,Switzerland,CH,Switzerland,D113,Q fever,Q热,Bacterial,2026-01-01,2026-01,10,2.258064516129032,0,0.11101492284795907,wpp_computed,,foph_idd,Switzerland FOPH IDD,https://www.idd.bag.admin.ch/en/portal-data,rest_api,foph_idd,Switzerland FOPH IDD,https://www.idd.bag.admin.ch/en/portal-data,rest_api
country,ch,ch,Switzerland,CH,Switzerland,D114,Salmonellosis,沙门氏菌病,Bacterial,2026-01-01,2026-01,121,27.322580645161292,0,1.3432805664603047,wpp_computed,,foph_idd,Switzerland FOPH IDD,https://www.idd.bag.admin.ch/en/portal-data,rest_api,foph_idd,Switzerland FOPH IDD,https://www.idd.bag.admin.ch/en/portal-data,rest_api
country,ch,ch,Switzerland,CH,Switzerland,D115,Shiga toxin-producing Escherichia coli infection,产志贺毒素大肠杆菌感染,Bacterial,2026-01-01,2026-01,97,21.903225806451612,0,1.0768447516252029,wpp_computed,,foph_idd,Switzerland FOPH IDD,https://www.idd.bag.admin.ch/en/portal-data,rest_api,foph_idd,Switzerland FOPH IDD,https://www.idd.bag.admin.ch/en/portal-data,rest_api
country,ch,ch,Switzerland,CH,Switzerland,D123,Tularemia,土拉菌病,Bacterial,2026-01-01,2026-01,6,1.3548387096774193,0,0.06660895370877544,wpp_computed,,foph_idd,Switzerland FOPH IDD,https://www.idd.bag.admin.ch/en/portal-data,rest_api,foph_idd,Switzerland FOPH IDD,https://www.idd.bag.admin.ch/en/portal-data,rest_api
country,ch,ch,Switzerland,CH,Switzerland,D162,HIV infection,人类免疫缺乏病毒感染,Viral,2026-01-01,2026-01,31,7.0,0,0.3441462608286731,wpp_computed,,foph_idd,Switzerland FOPH IDD,https://www.idd.bag.admin.ch/en/portal-data,rest_api,foph_idd,Switzerland FOPH IDD,https://www.idd.bag.admin.ch/en/portal-data,rest_api
country,ch,ch,Switzerland,CH,Switzerland,D205,Tick-borne encephalitis,蜱传脑炎,Viral,2026-01-01,2026-01,4,0.9032258064516129,0,0.044405969139183626,wpp_computed,,foph_idd,Switzerland FOPH IDD,https://www.idd.bag.admin.ch/en/portal-data,rest_api,foph_idd,Switzerland FOPH IDD,https://www.idd.bag.admin.ch/en/portal-data,rest_api
country,ch,ch,Switzerland,CH,Switzerland,D004,COVID-19,新型冠状病毒感染,Viral,2026-01-05,2026-01,405,708.75,0,4.496104375342342,wpp_computed,,foph_idd,Switzerland FOPH IDD,https://www.idd.bag.admin.ch/en/portal-data,rest_api,foph_idd,Switzerland FOPH IDD,https://www.idd.bag.admin.ch/en/portal-data,rest_api
country,ch,ch,Switzerland,CH,Switzerland,D038,Influenza,流行性感冒,Viral,2026-01-05,2026-01,2743,4800.25,0,30.451393337195174,wpp_computed,,foph_idd,Switzerland FOPH IDD,https://www.idd.bag.admin.ch/en/portal-data,rest_api,foph_idd,Switzerland FOPH IDD,https://www.idd.bag.admin.ch/en/portal-data,rest_api
country,ch,ch,Switzerland,CH,Switzerland,D004,COVID-19,新型冠状病毒感染,Viral,2026-01-12,2026-01,298,298.0,0,3.30824470086918,wpp_computed,,foph_idd,Switzerland FOPH IDD,https://www.idd.bag.admin.ch/en/portal-data,rest_api,foph_idd,Switzerland FOPH IDD,https://www.idd.bag.admin.ch/en/portal-data,rest_api
country,ch,ch,Switzerland,CH,Switzerland,D038,Influenza,流行性感冒,Viral,2026-01-12,2026-01,2287,2287.0,0,25.38911285532824,wpp_computed,,foph_idd,Switzerland FOPH IDD,https://www.idd.bag.admin.ch/en/portal-data,rest_api,foph_idd,Switzerland FOPH IDD,https://www.idd.bag.admin.ch/en/portal-data,rest_api
country,ch,ch,Switzerland,CH,Switzerland,D004,COVID-19,新型冠状病毒感染,Viral,2026-01-19,2026-01,248,248.0,0,2.753170086629385,wpp_computed,,foph_idd,Switzerland FOPH IDD,https://www.idd.bag.admin.ch/en/portal-data,rest_api,foph_idd,Switzerland FOPH IDD,https://www.idd.bag.admin.ch/en/portal-data,rest_api
country,ch,ch,Switzerland,CH,Switzerland,D038,Influenza,流行性感冒,Viral,2026-01-19,2026-01,1796,1796.0,0,19.938280143493447,wpp_computed,,foph_idd,Switzerland FOPH IDD,https://www.idd.bag.admin.ch/en/portal-data,rest_api,foph_idd,Switzerland FOPH IDD,https://www.idd.bag.admin.ch/en/portal-data,rest_api
country,ch,ch,Switzerland,CH,Switzerland,D004,COVID-19,新型冠状病毒感染,Viral,2026-01-26,2026-01,240,240.0,0,2.6643581483510177,wpp_computed,,foph_idd,Switzerland FOPH IDD,https://www.idd.bag.admin.ch/en/portal-data,rest_api,foph_idd,Switzerland FOPH IDD,https://www.idd.bag.admin.ch/en/portal-data,rest_api
country,ch,ch,Switzerland,CH,Switzerland,D038,Influenza,流行性感冒,Viral,2026-01-26,2026-01,1688,1688.0,0,18.73931897673549,wpp_computed,,foph_idd,Switzerland FOPH IDD,https://www.idd.bag.admin.ch/en/portal-data,rest_api,foph_idd,Switzerland FOPH IDD,https://www.idd.bag.admin.ch/en/portal-data,rest_api
country,ch,ch,Switzerland,CH,Switzerland,D004,COVID-19,新型冠状病毒感染,Viral,2026-02-01,2026-02,575,670.8333333333333,0,6.383358063757647,wpp_computed,,foph_idd,Switzerland FOPH IDD,https://www.idd.bag.admin.ch/en/portal-data,rest_api,foph_idd,Switzerland FOPH IDD,https://www.idd.bag.admin.ch/en/portal-data,rest_api
country,ch,ch,Switzerland,CH,Switzerland,D007,Hepatitis A,甲型肝炎,Viral,2026-02-01,2026-02,7,1.5806451612903225,0,0.07771044599357135,wpp_computed,,foph_idd,Switzerland FOPH IDD,https://www.idd.bag.admin.ch/en/portal-data,rest_api,foph_idd,Switzerland FOPH IDD,https://www.idd.bag.admin.ch/en/portal-data,rest_api
country,ch,ch,Switzerland,CH,Switzerland,D008,Hepatitis B,乙型肝炎,Viral,2026-02-01,2026-02,130,29.354838709677416,0,1.443193997023468,wpp_computed,,foph_idd,Switzerland FOPH IDD,https://www.idd.bag.admin.ch/en/portal-data,rest_api,foph_idd,Switzerland FOPH IDD,https://www.idd.bag.admin.ch/en/portal-data,rest_api
country,ch,ch,Switzerland,CH,Switzerland,D009,Hepatitis C,丙型肝炎,Viral,2026-02-01,2026-02,76,17.161290322580644,0,0.8437134136444889,wpp_computed,,foph_idd,Switzerland FOPH IDD,https://www.idd.bag.admin.ch/en/portal-data,rest_api,foph_idd,Switzerland FOPH IDD,https://www.idd.bag.admin.ch/en/portal-data,rest_api
country,ch,ch,Switzerland,CH,Switzerland,D011,Hepatitis E,戊型肝炎,Viral,2026-02-01,2026-02,13,2.935483870967742,0,0.14431939970234678,wpp_computed,,foph_idd,Switzerland FOPH IDD,https://www.idd.bag.admin.ch/en/portal-data,rest_api,foph_idd,Switzerland FOPH IDD,https://www.idd.bag.admin.ch/en/portal-data,rest_api
country,ch,ch,Switzerland,CH,Switzerland,D017,Measles,麻疹,Viral,2026-02-01,2026-02,0,0.0,0,0.0,wpp_computed,,foph_idd,Switzerland FOPH IDD,https://www.idd.bag.admin.ch/en/portal-data,rest_api,foph_idd,Switzerland FOPH IDD,https://www.idd.bag.admin.ch/en/portal-data,rest_api
country,ch,ch,Switzerland,CH,Switzerland,D021,Dengue,登革热,Viral,2026-02-01,2026-02,11,2.4838709677419355,0,0.12211641513275497,wpp_computed,,foph_idd,Switzerland FOPH IDD,https://www.idd.bag.admin.ch/en/portal-data,rest_api,foph_idd,Switzerland FOPH IDD,https://www.idd.bag.admin.ch/en/portal-data,rest_api
country,ch,ch,Switzerland,CH,Switzerland,D025,Tuberculosis,肺结核,Bacterial,2026-02-01,2026-02,45,10.161290322580646,0,0.4995671528158158,wpp_computed,,foph_idd,Switzerland FOPH IDD,https://www.idd.bag.admin.ch/en/portal-data,rest_api,foph_idd,Switzerland FOPH IDD,https://www.idd.bag.admin.ch/en/portal-data,rest_api
country,ch,ch,Switzerland,CH,Switzerland,D033,Gonorrhea,淋病,Bacterial,2026-02-01,2026-02,520,117.41935483870967,0,5.772775988093872,wpp_computed,,foph_idd,Switzerland FOPH IDD,https://www.idd.bag.admin.ch/en/portal-data,rest_api,foph_idd,Switzerland FOPH IDD,https://www.idd.bag.admin.ch/en/portal-data,rest_api
country,ch,ch,Switzerland,CH,Switzerland,D034,Syphilis,梅毒,Bacterial,2026-02-01,2026-02,103,23.258064516129032,0,1.1434537053339784,wpp_computed,,foph_idd,Switzerland FOPH IDD,https://www.idd.bag.admin.ch/en/portal-data,rest_api,foph_idd,Switzerland FOPH IDD,https://www.idd.bag.admin.ch/en/portal-data,rest_api
country,ch,ch,Switzerland,CH,Switzerland,D037,Malaria,疟疾,Parasitic,2026-02-01,2026-02,24,5.419354838709677,0,0.26643581483510176,wpp_computed,,foph_idd,Switzerland FOPH IDD,https://www.idd.bag.admin.ch/en/portal-data,rest_api,foph_idd,Switzerland FOPH IDD,https://www.idd.bag.admin.ch/en/portal-data,rest_api
country,ch,ch,Switzerland,CH,Switzerland,D038,Influenza,流行性感冒,Viral,2026-02-01,2026-02,2762,3222.333333333333,0,30.662321690606294,wpp_computed,,foph_idd,Switzerland FOPH IDD,https://www.idd.bag.admin.ch/en/portal-data,rest_api,foph_idd,Switzerland FOPH IDD,https://www.idd.bag.admin.ch/en/portal-data,rest_api
country,ch,ch,Switzerland,CH,Switzerland,D052,Chikungunya,基孔肯雅热,Viral,2026-02-01,2026-02,10,2.258064516129032,0,0.11101492284795907,wpp_computed,,foph_idd,Switzerland FOPH IDD,https://www.idd.bag.admin.ch/en/portal-data,rest_api,foph_idd,Switzerland FOPH IDD,https://www.idd.bag.admin.ch/en/portal-data,rest_api
country,ch,ch,Switzerland,CH,Switzerland,D092,Campylobacteriosis,弯曲杆菌病,Bacterial,2026-02-01,2026-02,439,99.12903225806453,0,4.873555113025403,wpp_computed,,foph_idd,Switzerland FOPH IDD,https://www.idd.bag.admin.ch/en/portal-data,rest_api,foph_idd,Switzerland FOPH IDD,https://www.idd.bag.admin.ch/en/portal-data,rest_api
country,ch,ch,Switzerland,CH,Switzerland,D094,Chlamydia trachomatis infection,沙眼衣原体感染,Bacterial,2026-02-01,2026-02,1061,239.58064516129033,0,11.778683314168457,wpp_computed,,foph_idd,Switzerland FOPH IDD,https://www.idd.bag.admin.ch/en/portal-data,rest_api,foph_idd,Switzerland FOPH IDD,https://www.idd.bag.admin.ch/en/portal-data,rest_api
country,ch,ch,Switzerland,CH,Switzerland,D100,Haemophilus influenzae,流感嗜血杆菌,Bacterial,2026-02-01,2026-02,13,2.935483870967742,0,0.14431939970234678,wpp_computed,,foph_idd,Switzerland FOPH IDD,https://www.idd.bag.admin.ch/en/portal-data,rest_api,foph_idd,Switzerland FOPH IDD,https://www.idd.bag.admin.ch/en/portal-data,rest_api
country,ch,ch,Switzerland,CH,Switzerland,D105,Shigellosis,志贺菌病,Bacterial,2026-02-01,2026-02,15,3.3870967741935485,0,0.1665223842719386,wpp_computed,,foph_idd,Switzerland FOPH IDD,https://www.idd.bag.admin.ch/en/portal-data,rest_api,foph_idd,Switzerland FOPH IDD,https://www.idd.bag.admin.ch/en/portal-data,rest_api
country,ch,ch,Switzerland,CH,Switzerland,D106,Invasive pneumococcal disease,侵袭性肺炎球菌病,Bacterial,2026-02-01,2026-02,126,28.451612903225808,0,1.3987880278842841,wpp_computed,,foph_idd,Switzerland FOPH IDD,https://www.idd.bag.admin.ch/en/portal-data,rest_api,foph_idd,Switzerland FOPH IDD,https://www.idd.bag.admin.ch/en/portal-data,rest_api
country,ch,ch,Switzerland,CH,Switzerland,D107,Legionellosis,军团菌病,Bacterial,2026-02-01,2026-02,23,5.193548387096774,0,0.25533432255030586,wpp_computed,,foph_idd,Switzerland FOPH IDD,https://www.idd.bag.admin.ch/en/portal-data,rest_api,foph_idd,Switzerland FOPH IDD,https://www.idd.bag.admin.ch/en/portal-data,rest_api
country,ch,ch,Switzerland,CH,Switzerland,D108,Listeriosis,李斯特菌病,Bacterial,2026-02-01,2026-02,1,0.22580645161290322,0,0.011101492284795907,wpp_computed,,foph_idd,Switzerland FOPH IDD,https://www.idd.bag.admin.ch/en/portal-data,rest_api,foph_idd,Switzerland FOPH IDD,https://www.idd.bag.admin.ch/en/portal-data,rest_api
country,ch,ch,Switzerland,CH,Switzerland,D109,Lyme disease,莱姆病,Bacterial,2026-02-01,2026-02,129,29.129032258064516,0,1.432092504738672,wpp_computed,,foph_idd,Switzerland FOPH IDD,https://www.idd.bag.admin.ch/en/portal-data,rest_api,foph_idd,Switzerland FOPH IDD,https://www.idd.bag.admin.ch/en/portal-data,rest_api
country,ch,ch,Switzerland,CH,Switzerland,D113,Q fever,Q热,Bacterial,2026-02-01,2026-02,8,1.8064516129032258,0,0.08881193827836725,wpp_computed,,foph_idd,Switzerland FOPH IDD,https://www.idd.bag.admin.ch/en/portal-data,rest_api,foph_idd,Switzerland FOPH IDD,https://www.idd.bag.admin.ch/en/portal-data,rest_api
country,ch,ch,Switzerland,CH,Switzerland,D114,Salmonellosis,沙门氏菌病,Bacterial,2026-02-01,2026-02,89,20.096774193548388,0,0.9880328133468356,wpp_computed,,foph_idd,Switzerland FOPH IDD,https://www.idd.bag.admin.ch/en/portal-data,rest_api,foph_idd,Switzerland FOPH IDD,https://www.idd.bag.admin.ch/en/portal-data,rest_api
country,ch,ch,Switzerland,CH,Switzerland,D115,Shiga toxin-producing Escherichia coli infection,产志贺毒素大肠杆菌感染,Bacterial,2026-02-01,2026-02,86,19.41935483870968,0,0.954728336492448,wpp_computed,,foph_idd,Switzerland FOPH IDD,https://www.idd.bag.admin.ch/en/portal-data,rest_api,foph_idd,Switzerland FOPH IDD,https://www.idd.bag.admin.ch/en/portal-data,rest_api
country,ch,ch,Switzerland,CH,Switzerland,D123,Tularemia,土拉菌病,Bacterial,2026-02-01,2026-02,5,1.129032258064516,0,0.05550746142397953,wpp_computed,,foph_idd,Switzerland FOPH IDD,https://www.idd.bag.admin.ch/en/portal-data,rest_api,foph_idd,Switzerland FOPH IDD,https://www.idd.bag.admin.ch/en/portal-data,rest_api
country,ch,ch,Switzerland,CH,Switzerland,D162,HIV infection,人类免疫缺乏病毒感染,Viral,2026-02-01,2026-02,28,6.32258064516129,0,0.3108417839742854,wpp_computed,,foph_idd,Switzerland FOPH IDD,https://www.idd.bag.admin.ch/en/portal-data,rest_api,foph_idd,Switzerland FOPH IDD,https://www.idd.bag.admin.ch/en/portal-data,rest_api
country,ch,ch,Switzerland,CH,Switzerland,D205,Tick-borne encephalitis,蜱传脑炎,Viral,2026-02-01,2026-02,3,0.6774193548387096,0,0.03330447685438772,wpp_computed,,foph_idd,Switzerland FOPH IDD,https://www.idd.bag.admin.ch/en/portal-data,rest_api,foph_idd,Switzerland FOPH IDD,https://www.idd.bag.admin.ch/en/portal-data,rest_api
country,ch,ch,Switzerland,CH,Switzerland,D004,COVID-19,新型冠状病毒感染,Viral,2026-02-02,2026-02,195,195.0,0,2.164790995535202,wpp_computed,,foph_idd,Switzerland FOPH IDD,https://www.idd.bag.admin.ch/en/portal-data,rest_api,foph_idd,Switzerland FOPH IDD,https://www.idd.bag.admin.ch/en/portal-data,rest_api
country,ch,ch,Switzerland,CH,Switzerland,D038,Influenza,流行性感冒,Viral,2026-02-02,2026-02,1232,1232.0,0,13.677038494868556,wpp_computed,,foph_idd,Switzerland FOPH IDD,https://www.idd.bag.admin.ch/en/portal-data,rest_api,foph_idd,Switzerland FOPH IDD,https://www.idd.bag.admin.ch/en/portal-data,rest_api
country,ch,ch,Switzerland,CH,Switzerland,D004,COVID-19,新型冠状病毒感染,Viral,2026-02-09,2026-02,170,170.0,0,1.8872536884153042,wpp_computed,,foph_idd,Switzerland FOPH IDD,https://www.idd.bag.admin.ch/en/portal-data,rest_api,foph_idd,Switzerland FOPH IDD,https://www.idd.bag.admin.ch/en/portal-data,rest_api
country,ch,ch,Switzerland,CH,Switzerland,D038,Influenza,流行性感冒,Viral,2026-02-09,2026-02,742,742.0,0,8.237307275318562,wpp_computed,,foph_idd,Switzerland FOPH IDD,https://www.idd.bag.admin.ch/en/portal-data,rest_api,foph_idd,Switzerland FOPH IDD,https://www.idd.bag.admin.ch/en/portal-data,rest_api
country,ch,ch,Switzerland,CH,Switzerland,D004,COVID-19,新型冠状病毒感染,Viral,2026-02-16,2026-02,117,117.0,0,1.298874597321121,wpp_computed,,foph_idd,Switzerland FOPH IDD,https://www.idd.bag.admin.ch/en/portal-data,rest_api,foph_idd,Switzerland FOPH IDD,https://www.idd.bag.admin.ch/en/portal-data,rest_api
country,ch,ch,Switzerland,CH,Switzerland,D038,Influenza,流行性感冒,Viral,2026-02-16,2026-02,386,386.0,0,4.285176021931219,wpp_computed,,foph_idd,Switzerland FOPH IDD,https://www.idd.bag.admin.ch/en/portal-data,rest_api,foph_idd,Switzerland FOPH IDD,https://www.idd.bag.admin.ch/en/portal-data,rest_api
country,ch,ch,Switzerland,CH,Switzerland,D004,COVID-19,新型冠状病毒感染,Viral,2026-02-23,2026-02,67,67.0,0,0.7437999830813258,wpp_computed,,foph_idd,Switzerland FOPH IDD,https://www.idd.bag.admin.ch/en/portal-data,rest_api,foph_idd,Switzerland FOPH IDD,https://www.idd.bag.admin.ch/en/portal-data,rest_api
country,ch,ch,Switzerland,CH,Switzerland,D038,Influenza,流行性感冒,Viral,2026-02-23,2026-02,238,238.0,0,2.642155163781426,wpp_computed,,foph_idd,Switzerland FOPH IDD,https://www.idd.bag.admin.ch/en/portal-data,rest_api,foph_idd,Switzerland FOPH IDD,https://www.idd.bag.admin.ch/en/portal-data,rest_api
country,ch,ch,Switzerland,CH,Switzerland,D004,COVID-19,新型冠状病毒感染,Viral,2026-03-01,2026-03,236,275.33333333333337,0,2.619952179211834,wpp_computed,,foph_idd,Switzerland FOPH IDD,https://www.idd.bag.admin.ch/en/portal-data,rest_api,foph_idd,Switzerland FOPH IDD,https://www.idd.bag.admin.ch/en/portal-data,rest_api
country,ch,ch,Switzerland,CH,Switzerland,D007,Hepatitis A,甲型肝炎,Viral,2026-03-01,2026-03,8,2.0,0,0.08881193827836725,wpp_computed,,foph_idd,Switzerland FOPH IDD,https://www.idd.bag.admin.ch/en/portal-data,rest_api,foph_idd,Switzerland FOPH IDD,https://www.idd.bag.admin.ch/en/portal-data,rest_api
country,ch,ch,Switzerland,CH,Switzerland,D008,Hepatitis B,乙型肝炎,Viral,2026-03-01,2026-03,118,29.5,0,1.309976089605917,wpp_computed,,foph_idd,Switzerland FOPH IDD,https://www.idd.bag.admin.ch/en/portal-data,rest_api,foph_idd,Switzerland FOPH IDD,https://www.idd.bag.admin.ch/en/portal-data,rest_api
country,ch,ch,Switzerland,CH,Switzerland,D009,Hepatitis C,丙型肝炎,Viral,2026-03-01,2026-03,67,16.75,0,0.7437999830813258,wpp_computed,,foph_idd,Switzerland FOPH IDD,https://www.idd.bag.admin.ch/en/portal-data,rest_api,foph_idd,Switzerland FOPH IDD,https://www.idd.bag.admin.ch/en/portal-data,rest_api
country,ch,ch,Switzerland,CH,Switzerland,D011,Hepatitis E,戊型肝炎,Viral,2026-03-01,2026-03,15,3.75,0,0.1665223842719386,wpp_computed,,foph_idd,Switzerland FOPH IDD,https://www.idd.bag.admin.ch/en/portal-data,rest_api,foph_idd,Switzerland FOPH IDD,https://www.idd.bag.admin.ch/en/portal-data,rest_api
country,ch,ch,Switzerland,CH,Switzerland,D017,Measles,麻疹,Viral,2026-03-01,2026-03,2,0.5,0,0.022202984569591813,wpp_computed,,foph_idd,Switzerland FOPH IDD,https://www.idd.bag.admin.ch/en/portal-data,rest_api,foph_idd,Switzerland FOPH IDD,https://www.idd.bag.admin.ch/en/portal-data,rest_api
country,ch,ch,Switzerland,CH,Switzerland,D021,Dengue,登革热,Viral,2026-03-01,2026-03,12,3.0,0,0.13321790741755088,wpp_computed,,foph_idd,Switzerland FOPH IDD,https://www.idd.bag.admin.ch/en/portal-data,rest_api,foph_idd,Switzerland FOPH IDD,https://www.idd.bag.admin.ch/en/portal-data,rest_api
country,ch,ch,Switzerland,CH,Switzerland,D025,Tuberculosis,肺结核,Bacterial,2026-03-01,2026-03,42,10.5,0,0.4662626759614281,wpp_computed,,foph_idd,Switzerland FOPH IDD,https://www.idd.bag.admin.ch/en/portal-data,rest_api,foph_idd,Switzerland FOPH IDD,https://www.idd.bag.admin.ch/en/portal-data,rest_api
country,ch,ch,Switzerland,CH,Switzerland,D033,Gonorrhea,淋病,Bacterial,2026-03-01,2026-03,542,135.5,0,6.017008818359382,wpp_computed,,foph_idd,Switzerland FOPH IDD,https://www.idd.bag.admin.ch/en/portal-data,rest_api,foph_idd,Switzerland FOPH IDD,https://www.idd.bag.admin.ch/en/portal-data,rest_api
country,ch,ch,Switzerland,CH,Switzerland,D034,Syphilis,梅毒,Bacterial,2026-03-01,2026-03,108,27.0,0,1.1989611667579578,wpp_computed,,foph_idd,Switzerland FOPH IDD,https://www.idd.bag.admin.ch/en/portal-data,rest_api,foph_idd,Switzerland FOPH IDD,https://www.idd.bag.admin.ch/en/portal-data,rest_api
country,ch,ch,Switzerland,CH,Switzerland,D037,Malaria,疟疾,Parasitic,2026-03-01,2026-03,21,5.25,0,0.23313133798071406,wpp_computed,,foph_idd,Switzerland FOPH IDD,https://www.idd.bag.admin.ch/en/portal-data,rest_api,foph_idd,Switzerland FOPH IDD,https://www.idd.bag.admin.ch/en/portal-data,rest_api
country,ch,ch,Switzerland,CH,Switzerland,D038,Influenza,流行性感冒,Viral,2026-03-01,2026-03,393,458.5,0,4.362886467924791,wpp_computed,,foph_idd,Switzerland FOPH IDD,https://www.idd.bag.admin.ch/en/portal-data,rest_api,foph_idd,Switzerland FOPH IDD,https://www.idd.bag.admin.ch/en/portal-data,rest_api
country,ch,ch,Switzerland,CH,Switzerland,D052,Chikungunya,基孔肯雅热,Viral,2026-03-01,2026-03,10,2.5,0,0.11101492284795907,wpp_computed,,foph_idd,Switzerland FOPH IDD,https://www.idd.bag.admin.ch/en/portal-data,rest_api,foph_idd,Switzerland FOPH IDD,https://www.idd.bag.admin.ch/en/portal-data,rest_api
country,ch,ch,Switzerland,CH,Switzerland,D092,Campylobacteriosis,弯曲杆菌病,Bacterial,2026-03-01,2026-03,510,127.5,0,5.661761065245912,wpp_computed,,foph_idd,Switzerland FOPH IDD,https://www.idd.bag.admin.ch/en/portal-data,rest_api,foph_idd,Switzerland FOPH IDD,https://www.idd.bag.admin.ch/en/portal-data,rest_api
country,ch,ch,Switzerland,CH,Switzerland,D094,Chlamydia trachomatis infection,沙眼衣原体感染,Bacterial,2026-03-01,2026-03,1220,305.0,0,13.543820587451005,wpp_computed,,foph_idd,Switzerland FOPH IDD,https://www.idd.bag.admin.ch/en/portal-data,rest_api,foph_idd,Switzerland FOPH IDD,https://www.idd.bag.admin.ch/en/portal-data,rest_api
country,ch,ch,Switzerland,CH,Switzerland,D100,Haemophilus influenzae,流感嗜血杆菌,Bacterial,2026-03-01,2026-03,19,4.75,0,0.21092835341112223,wpp_computed,,foph_idd,Switzerland FOPH IDD,https://www.idd.bag.admin.ch/en/portal-data,rest_api,foph_idd,Switzerland FOPH IDD,https://www.idd.bag.admin.ch/en/portal-data,rest_api
country,ch,ch,Switzerland,CH,Switzerland,D105,Shigellosis,志贺菌病,Bacterial,2026-03-01,2026-03,19,4.75,0,0.21092835341112223,wpp_computed,,foph_idd,Switzerland FOPH IDD,https://www.idd.bag.admin.ch/en/portal-data,rest_api,foph_idd,Switzerland FOPH IDD,https://www.idd.bag.admin.ch/en/portal-data,rest_api
country,ch,ch,Switzerland,CH,Switzerland,D106,Invasive pneumococcal disease,侵袭性肺炎球菌病,Bacterial,2026-03-01,2026-03,106,26.5,0,1.1767581821883661,wpp_computed,,foph_idd,Switzerland FOPH IDD,https://www.idd.bag.admin.ch/en/portal-data,rest_api,foph_idd,Switzerland FOPH IDD,https://www.idd.bag.admin.ch/en/portal-data,rest_api
country,ch,ch,Switzerland,CH,Switzerland,D107,Legionellosis,军团菌病,Bacterial,2026-03-01,2026-03,29,7.250000000000001,0,0.3219432762590813,wpp_computed,,foph_idd,Switzerland FOPH IDD,https://www.idd.bag.admin.ch/en/portal-data,rest_api,foph_idd,Switzerland FOPH IDD,https://www.idd.bag.admin.ch/en/portal-data,rest_api
country,ch,ch,Switzerland,CH,Switzerland,D108,Listeriosis,李斯特菌病,Bacterial,2026-03-01,2026-03,4,1.0,0,0.044405969139183626,wpp_computed,,foph_idd,Switzerland FOPH IDD,https://www.idd.bag.admin.ch/en/portal-data,rest_api,foph_idd,Switzerland FOPH IDD,https://www.idd.bag.admin.ch/en/portal-data,rest_api
country,ch,ch,Switzerland,CH,Switzerland,D109,Lyme disease,莱姆病,Bacterial,2026-03-01,2026-03,257,64.25,0,2.853083517192548,wpp_computed,,foph_idd,Switzerland FOPH IDD,https://www.idd.bag.admin.ch/en/portal-data,rest_api,foph_idd,Switzerland FOPH IDD,https://www.idd.bag.admin.ch/en/portal-data,rest_api
country,ch,ch,Switzerland,CH,Switzerland,D113,Q fever,Q热,Bacterial,2026-03-01,2026-03,3,0.75,0,0.03330447685438772,wpp_computed,,foph_idd,Switzerland FOPH IDD,https://www.idd.bag.admin.ch/en/portal-data,rest_api,foph_idd,Switzerland FOPH IDD,https://www.idd.bag.admin.ch/en/portal-data,rest_api
country,ch,ch,Switzerland,CH,Switzerland,D114,Salmonellosis,沙门氏菌病,Bacterial,2026-03-01,2026-03,120,30.0,0,1.3321790741755088,wpp_computed,,foph_idd,Switzerland FOPH IDD,https://www.idd.bag.admin.ch/en/portal-data,rest_api,foph_idd,Switzerland FOPH IDD,https://www.idd.bag.admin.ch/en/portal-data,rest_api
country,ch,ch,Switzerland,CH,Switzerland,D115,Shiga toxin-producing Escherichia coli infection,产志贺毒素大肠杆菌感染,Bacterial,2026-03-01,2026-03,107,26.75,0,1.187859674473162,wpp_computed,,foph_idd,Switzerland FOPH IDD,https://www.idd.bag.admin.ch/en/portal-data,rest_api,foph_idd,Switzerland FOPH IDD,https://www.idd.bag.admin.ch/en/portal-data,rest_api
country,ch,ch,Switzerland,CH,Switzerland,D123,Tularemia,土拉菌病,Bacterial,2026-03-01,2026-03,6,1.5,0,0.06660895370877544,wpp_computed,,foph_idd,Switzerland FOPH IDD,https://www.idd.bag.admin.ch/en/portal-data,rest_api,foph_idd,Switzerland FOPH IDD,https://www.idd.bag.admin.ch/en/portal-data,rest_api
country,ch,ch,Switzerland,CH,Switzerland,D162,HIV infection,人类免疫缺乏病毒感染,Viral,2026-03-01,2026-03,32,8.0,0,0.355247753113469,wpp_computed,,foph_idd,Switzerland FOPH IDD,https://www.idd.bag.admin.ch/en/portal-data,rest_api,foph_idd,Switzerland FOPH IDD,https://www.idd.bag.admin.ch/en/portal-data,rest_api
country,ch,ch,Switzerland,CH,Switzerland,D205,Tick-borne encephalitis,蜱传脑炎,Viral,2026-03-01,2026-03,11,2.75,0,0.12211641513275497,wpp_computed,,foph_idd,Switzerland FOPH IDD,https://www.idd.bag.admin.ch/en/portal-data,rest_api,foph_idd,Switzerland FOPH IDD,https://www.idd.bag.admin.ch/en/portal-data,rest_api
country,ch,ch,Switzerland,CH,Switzerland,D004,COVID-19,新型冠状病毒感染,Viral,2026-03-02,2026-03,68,68.0,0,0.7549014753661216,wpp_computed,,foph_idd,Switzerland FOPH IDD,https://www.idd.bag.admin.ch/en/portal-data,rest_api,foph_idd,Switzerland FOPH IDD,https://www.idd.bag.admin.ch/en/portal-data,rest_api
country,ch,ch,Switzerland,CH,Switzerland,D038,Influenza,流行性感冒,Viral,2026-03-02,2026-03,130,130.0,0,1.443193997023468,wpp_computed,,foph_idd,Switzerland FOPH IDD,https://www.idd.bag.admin.ch/en/portal-data,rest_api,foph_idd,Switzerland FOPH IDD,https://www.idd.bag.admin.ch/en/portal-data,rest_api
country,ch,ch,Switzerland,CH,Switzerland,D004,COVID-19,新型冠状病毒感染,Viral,2026-03-09,2026-03,44,44.0,0,0.48846566053101986,wpp_computed,,foph_idd,Switzerland FOPH IDD,https://www.idd.bag.admin.ch/en/portal-data,rest_api,foph_idd,Switzerland FOPH IDD,https://www.idd.bag.admin.ch/en/portal-data,rest_api
country,ch,ch,Switzerland,CH,Switzerland,D038,Influenza,流行性感冒,Viral,2026-03-09,2026-03,103,103.0,0,1.1434537053339784,wpp_computed,,foph_idd,Switzerland FOPH IDD,https://www.idd.bag.admin.ch/en/portal-data,rest_api,foph_idd,Switzerland FOPH IDD,https://www.idd.bag.admin.ch/en/portal-data,rest_api
country,ch,ch,Switzerland,CH,Switzerland,D004,COVID-19,新型冠状病毒感染,Viral,2026-03-16,2026-03,59,59.0,0,0.6549880448029585,wpp_computed,,foph_idd,Switzerland FOPH IDD,https://www.idd.bag.admin.ch/en/portal-data,rest_api,foph_idd,Switzerland FOPH IDD,https://www.idd.bag.admin.ch/en/portal-data,rest_api
country,ch,ch,Switzerland,CH,Switzerland,D038,Influenza,流行性感冒,Viral,2026-03-16,2026-03,67,67.0,0,0.7437999830813258,wpp_computed,,foph_idd,Switzerland FOPH IDD,https://www.idd.bag.admin.ch/en/portal-data,rest_api,foph_idd,Switzerland FOPH IDD,https://www.idd.bag.admin.ch/en/portal-data,rest_api
country,ch,ch,Switzerland,CH,Switzerland,D004,COVID-19,新型冠状病毒感染,Viral,2026-03-23,2026-03,36,36.0,0,0.3996537222526526,wpp_computed,,foph_idd,Switzerland FOPH IDD,https://www.idd.bag.admin.ch/en/portal-data,rest_api,foph_idd,Switzerland FOPH IDD,https://www.idd.bag.admin.ch/en/portal-data,rest_api
country,ch,ch,Switzerland,CH,Switzerland,D038,Influenza,流行性感冒,Viral,2026-03-23,2026-03,50,50.0,0,0.5550746142397954,wpp_computed,,foph_idd,Switzerland FOPH IDD,https://www.idd.bag.admin.ch/en/portal-data,rest_api,foph_idd,Switzerland FOPH IDD,https://www.idd.bag.admin.ch/en/portal-data,rest_api
country,ch,ch,Switzerland,CH,Switzerland,D004,COVID-19,新型冠状病毒感染,Viral,2026-03-30,2026-03,49,49.0,0,0.5439731219549995,wpp_computed,,foph_idd,Switzerland FOPH IDD,https://www.idd.bag.admin.ch/en/portal-data,rest_api,foph_idd,Switzerland FOPH IDD,https://www.idd.bag.admin.ch/en/portal-data,rest_api
country,ch,ch,Switzerland,CH,Switzerland,D038,Influenza,流行性感冒,Viral,2026-03-30,2026-03,52,52.0,0,0.5772775988093871,wpp_computed,,foph_idd,Switzerland FOPH IDD,https://www.idd.bag.admin.ch/en/portal-data,rest_api,foph_idd,Switzerland FOPH IDD,https://www.idd.bag.admin.ch/en/portal-data,rest_api
country,ch,ch,Switzerland,CH,Switzerland,D004,COVID-19,新型冠状病毒感染,Viral,2026-04-01,2026-04,97,97.0,0,1.0768447516252029,wpp_computed,,foph_idd,Switzerland FOPH IDD,https://www.idd.bag.admin.ch/en/portal-data,rest_api,foph_idd,Switzerland FOPH IDD,https://www.idd.bag.admin.ch/en/portal-data,rest_api
country,ch,ch,Switzerland,CH,Switzerland,D007,Hepatitis A,甲型肝炎,Viral,2026-04-01,2026-04,2,0.45161290322580644,0,0.022202984569591813,wpp_computed,,foph_idd,Switzerland FOPH IDD,https://www.idd.bag.admin.ch/en/portal-data,rest_api,foph_idd,Switzerland FOPH IDD,https://www.idd.bag.admin.ch/en/portal-data,rest_api
country,ch,ch,Switzerland,CH,Switzerland,D011,Hepatitis E,戊型肝炎,Viral,2026-04-01,2026-04,9,2.032258064516129,0,0.09991343056316315,wpp_computed,,foph_idd,Switzerland FOPH IDD,https://www.idd.bag.admin.ch/en/portal-data,rest_api,foph_idd,Switzerland FOPH IDD,https://www.idd.bag.admin.ch/en/portal-data,rest_api
country,ch,ch,Switzerland,CH,Switzerland,D017,Measles,麻疹,Viral,2026-04-01,2026-04,7,1.5806451612903225,0,0.07771044599357135,wpp_computed,,foph_idd,Switzerland FOPH IDD,https://www.idd.bag.admin.ch/en/portal-data,rest_api,foph_idd,Switzerland FOPH IDD,https://www.idd.bag.admin.ch/en/portal-data,rest_api
country,ch,ch,Switzerland,CH,Switzerland,D021,Dengue,登革热,Viral,2026-04-01,2026-04,14,3.161290322580645,0,0.1554208919871427,wpp_computed,,foph_idd,Switzerland FOPH IDD,https://www.idd.bag.admin.ch/en/portal-data,rest_api,foph_idd,Switzerland FOPH IDD,https://www.idd.bag.admin.ch/en/portal-data,rest_api
country,ch,ch,Switzerland,CH,Switzerland,D025,Tuberculosis,肺结核,Bacterial,2026-04-01,2026-04,26,5.870967741935484,0,0.28863879940469356,wpp_computed,,foph_idd,Switzerland FOPH IDD,https://www.idd.bag.admin.ch/en/portal-data,rest_api,foph_idd,Switzerland FOPH IDD,https://www.idd.bag.admin.ch/en/portal-data,rest_api
country,ch,ch,Switzerland,CH,Switzerland,D037,Malaria,疟疾,Parasitic,2026-04-01,2026-04,16,3.6129032258064515,0,0.1776238765567345,wpp_computed,,foph_idd,Switzerland FOPH IDD,https://www.idd.bag.admin.ch/en/portal-data,rest_api,foph_idd,Switzerland FOPH IDD,https://www.idd.bag.admin.ch/en/portal-data,rest_api
country,ch,ch,Switzerland,CH,Switzerland,D038,Influenza,流行性感冒,Viral,2026-04-01,2026-04,98,98.0,0,1.087946243909999,wpp_computed,,foph_idd,Switzerland FOPH IDD,https://www.idd.bag.admin.ch/en/portal-data,rest_api,foph_idd,Switzerland FOPH IDD,https://www.idd.bag.admin.ch/en/portal-data,rest_api
country,ch,ch,Switzerland,CH,Switzerland,D052,Chikungunya,基孔肯雅热,Viral,2026-04-01,2026-04,8,1.8064516129032258,0,0.08881193827836725,wpp_computed,,foph_idd,Switzerland FOPH IDD,https://www.idd.bag.admin.ch/en/portal-data,rest_api,foph_idd,Switzerland FOPH IDD,https://www.idd.bag.admin.ch/en/portal-data,rest_api
country,ch,ch,Switzerland,CH,Switzerland,D092,Campylobacteriosis,弯曲杆菌病,Bacterial,2026-04-01,2026-04,563,127.12903225806451,0,6.250140156340096,wpp_computed,,foph_idd,Switzerland FOPH IDD,https://www.idd.bag.admin.ch/en/portal-data,rest_api,foph_idd,Switzerland FOPH IDD,https://www.idd.bag.admin.ch/en/portal-data,rest_api
country,ch,ch,Switzerland,CH,Switzerland,D100,Haemophilus influenzae,流感嗜血杆菌,Bacterial,2026-04-01,2026-04,14,3.161290322580645,0,0.1554208919871427,wpp_computed,,foph_idd,Switzerland FOPH IDD,https://www.idd.bag.admin.ch/en/portal-data,rest_api,foph_idd,Switzerland FOPH IDD,https://www.idd.bag.admin.ch/en/portal-data,rest_api
country,ch,ch,Switzerland,CH,Switzerland,D105,Shigellosis,志贺菌病,Bacterial,2026-04-01,2026-04,17,3.8387096774193545,0,0.1887253688415304,wpp_computed,,foph_idd,Switzerland FOPH IDD,https://www.idd.bag.admin.ch/en/portal-data,rest_api,foph_idd,Switzerland FOPH IDD,https://www.idd.bag.admin.ch/en/portal-data,rest_api
country,ch,ch,Switzerland,CH,Switzerland,D106,Invasive pneumococcal disease,侵袭性肺炎球菌病,Bacterial,2026-04-01,2026-04,102,23.03225806451613,0,1.1323522130491825,wpp_computed,,foph_idd,Switzerland FOPH IDD,https://www.idd.bag.admin.ch/en/portal-data,rest_api,foph_idd,Switzerland FOPH IDD,https://www.idd.bag.admin.ch/en/portal-data,rest_api
country,ch,ch,Switzerland,CH,Switzerland,D107,Legionellosis,军团菌病,Bacterial,2026-04-01,2026-04,21,4.741935483870967,0,0.23313133798071406,wpp_computed,,foph_idd,Switzerland FOPH IDD,https://www.idd.bag.admin.ch/en/portal-data,rest_api,foph_idd,Switzerland FOPH IDD,https://www.idd.bag.admin.ch/en/portal-data,rest_api
country,ch,ch,Switzerland,CH,Switzerland,D108,Listeriosis,李斯特菌病,Bacterial,2026-04-01,2026-04,3,0.6774193548387096,0,0.03330447685438772,wpp_computed,,foph_idd,Switzerland FOPH IDD,https://www.idd.bag.admin.ch/en/portal-data,rest_api,foph_idd,Switzerland FOPH IDD,https://www.idd.bag.admin.ch/en/portal-data,rest_api
country,ch,ch,Switzerland,CH,Switzerland,D109,Lyme disease,莱姆病,Bacterial,2026-04-01,2026-04,387,87.38709677419355,0,4.296277514216016,wpp_computed,,foph_idd,Switzerland FOPH IDD,https://www.idd.bag.admin.ch/en/portal-data,rest_api,foph_idd,Switzerland FOPH IDD,https://www.idd.bag.admin.ch/en/portal-data,rest_api
country,ch,ch,Switzerland,CH,Switzerland,D113,Q fever,Q热,Bacterial,2026-04-01,2026-04,6,1.3548387096774193,0,0.06660895370877544,wpp_computed,,foph_idd,Switzerland FOPH IDD,https://www.idd.bag.admin.ch/en/portal-data,rest_api,foph_idd,Switzerland FOPH IDD,https://www.idd.bag.admin.ch/en/portal-data,rest_api
country,ch,ch,Switzerland,CH,Switzerland,D114,Salmonellosis,沙门氏菌病,Bacterial,2026-04-01,2026-04,141,31.83870967741936,0,1.565310412156223,wpp_computed,,foph_idd,Switzerland FOPH IDD,https://www.idd.bag.admin.ch/en/portal-data,rest_api,foph_idd,Switzerland FOPH IDD,https://www.idd.bag.admin.ch/en/portal-data,rest_api
country,ch,ch,Switzerland,CH,Switzerland,D115,Shiga toxin-producing Escherichia coli infection,产志贺毒素大肠杆菌感染,Bacterial,2026-04-01,2026-04,108,24.387096774193548,0,1.1989611667579578,wpp_computed,,foph_idd,Switzerland FOPH IDD,https://www.idd.bag.admin.ch/en/portal-data,rest_api,foph_idd,Switzerland FOPH IDD,https://www.idd.bag.admin.ch/en/portal-data,rest_api
country,ch,ch,Switzerland,CH,Switzerland,D123,Tularemia,土拉菌病,Bacterial,2026-04-01,2026-04,10,2.258064516129032,0,0.11101492284795907,wpp_computed,,foph_idd,Switzerland FOPH IDD,https://www.idd.bag.admin.ch/en/portal-data,rest_api,foph_idd,Switzerland FOPH IDD,https://www.idd.bag.admin.ch/en/portal-data,rest_api
country,ch,ch,Switzerland,CH,Switzerland,D205,Tick-borne encephalitis,蜱传脑炎,Viral,2026-04-01,2026-04,32,7.225806451612903,0,0.355247753113469,wpp_computed,,foph_idd,Switzerland FOPH IDD,https://www.idd.bag.admin.ch/en/portal-data,rest_api,foph_idd,Switzerland FOPH IDD,https://www.idd.bag.admin.ch/en/portal-data,rest_api
country,ch,ch,Switzerland,CH,Switzerland,D004,COVID-19,新型冠状病毒感染,Viral,2026-04-06,2026-04,27,37.800000000000004,0,0.29974029168948946,wpp_computed,,foph_idd,Switzerland FOPH IDD,https://www.idd.bag.admin.ch/en/portal-data,rest_api,foph_idd,Switzerland FOPH IDD,https://www.idd.bag.admin.ch/en/portal-data,rest_api
country,ch,ch,Switzerland,CH,Switzerland,D038,Influenza,流行性感冒,Viral,2026-04-06,2026-04,27,37.800000000000004,0,0.29974029168948946,wpp_computed,,foph_idd,Switzerland FOPH IDD,https://www.idd.bag.admin.ch/en/portal-data,rest_api,foph_idd,Switzerland FOPH IDD,https://www.idd.bag.admin.ch/en/portal-data,rest_api
country,ch,ch,Switzerland,CH,Switzerland,D004,COVID-19,新型冠状病毒感染,Viral,2026-04-13,2026-04,25,25.0,0,0.2775373071198977,wpp_computed,,foph_idd,Switzerland FOPH IDD,https://www.idd.bag.admin.ch/en/portal-data,rest_api,foph_idd,Switzerland FOPH IDD,https://www.idd.bag.admin.ch/en/portal-data,rest_api
country,ch,ch,Switzerland,CH,Switzerland,D038,Influenza,流行性感冒,Viral,2026-04-13,2026-04,22,22.0,0,0.24423283026550993,wpp_computed,,foph_idd,Switzerland FOPH IDD,https://www.idd.bag.admin.ch/en/portal-data,rest_api,foph_idd,Switzerland FOPH IDD,https://www.idd.bag.admin.ch/en/portal-data,rest_api
country,ch,ch,Switzerland,CH,Switzerland,D004,COVID-19,新型冠状病毒感染,Viral,2026-04-20,2026-04,9,9.0,0,0.09991343056316315,wpp_computed,,foph_idd,Switzerland FOPH IDD,https://www.idd.bag.admin.ch/en/portal-data,rest_api,foph_idd,Switzerland FOPH IDD,https://www.idd.bag.admin.ch/en/portal-data,rest_api
country,ch,ch,Switzerland,CH,Switzerland,D038,Influenza,流行性感冒,Viral,2026-04-20,2026-04,14,14.0,0,0.1554208919871427,wpp_computed,,foph_idd,Switzerland FOPH IDD,https://www.idd.bag.admin.ch/en/portal-data,rest_api,foph_idd,Switzerland FOPH IDD,https://www.idd.bag.admin.ch/en/portal-data,rest_api
country,ch,ch,Switzerland,CH,Switzerland,D004,COVID-19,新型冠状病毒感染,Viral,2026-04-27,2026-04,11,11.0,0,0.12211641513275497,wpp_computed,,foph_idd,Switzerland FOPH IDD,https://www.idd.bag.admin.ch/en/portal-data,rest_api,foph_idd,Switzerland FOPH IDD,https://www.idd.bag.admin.ch/en/portal-data,rest_api
country,ch,ch,Switzerland,CH,Switzerland,D038,Influenza,流行性感冒,Viral,2026-04-27,2026-04,8,8.0,0,0.08881193827836725,wpp_computed,,foph_idd,Switzerland FOPH IDD,https://www.idd.bag.admin.ch/en/portal-data,rest_api,foph_idd,Switzerland FOPH IDD,https://www.idd.bag.admin.ch/en/portal-data,rest_api
country,ch,ch,Switzerland,CH,Switzerland,D004,COVID-19,新型冠状病毒感染,Viral,2026-05-01,2026-05,56,98.0,0,0.6216835679485708,wpp_computed,,foph_idd,Switzerland FOPH IDD,https://www.idd.bag.admin.ch/en/portal-data,rest_api,foph_idd,Switzerland FOPH IDD,https://www.idd.bag.admin.ch/en/portal-data,rest_api
country,ch,ch,Switzerland,CH,Switzerland,D007,Hepatitis A,甲型肝炎,Viral,2026-05-01,2026-05,6,1.4000000000000001,0,0.06660895370877544,wpp_computed,,foph_idd,Switzerland FOPH IDD,https://www.idd.bag.admin.ch/en/portal-data,rest_api,foph_idd,Switzerland FOPH IDD,https://www.idd.bag.admin.ch/en/portal-data,rest_api
country,ch,ch,Switzerland,CH,Switzerland,D011,Hepatitis E,戊型肝炎,Viral,2026-05-01,2026-05,7,1.6333333333333333,0,0.07771044599357135,wpp_computed,,foph_idd,Switzerland FOPH IDD,https://www.idd.bag.admin.ch/en/portal-data,rest_api,foph_idd,Switzerland FOPH IDD,https://www.idd.bag.admin.ch/en/portal-data,rest_api
country,ch,ch,Switzerland,CH,Switzerland,D017,Measles,麻疹,Viral,2026-05-01,2026-05,5,1.1666666666666665,0,0.05550746142397953,wpp_computed,,foph_idd,Switzerland FOPH IDD,https://www.idd.bag.admin.ch/en/portal-data,rest_api,foph_idd,Switzerland FOPH IDD,https://www.idd.bag.admin.ch/en/portal-data,rest_api
country,ch,ch,Switzerland,CH,Switzerland,D037,Malaria,疟疾,Parasitic,2026-05-01,2026-05,17,3.966666666666667,0,0.1887253688415304,wpp_computed,,foph_idd,Switzerland FOPH IDD,https://www.idd.bag.admin.ch/en/portal-data,rest_api,foph_idd,Switzerland FOPH IDD,https://www.idd.bag.admin.ch/en/portal-data,rest_api
country,ch,ch,Switzerland,CH,Switzerland,D038,Influenza,流行性感冒,Viral,2026-05-01,2026-05,42,73.5,0,0.4662626759614281,wpp_computed,,foph_idd,Switzerland FOPH IDD,https://www.idd.bag.admin.ch/en/portal-data,rest_api,foph_idd,Switzerland FOPH IDD,https://www.idd.bag.admin.ch/en/portal-data,rest_api
country,ch,ch,Switzerland,CH,Switzerland,D092,Campylobacteriosis,弯曲杆菌病,Bacterial,2026-05-01,2026-05,851,198.56666666666666,0,9.447369934361317,wpp_computed,,foph_idd,Switzerland FOPH IDD,https://www.idd.bag.admin.ch/en/portal-data,rest_api,foph_idd,Switzerland FOPH IDD,https://www.idd.bag.admin.ch/en/portal-data,rest_api
country,ch,ch,Switzerland,CH,Switzerland,D100,Haemophilus influenzae,流感嗜血杆菌,Bacterial,2026-05-01,2026-05,17,3.966666666666667,0,0.1887253688415304,wpp_computed,,foph_idd,Switzerland FOPH IDD,https://www.idd.bag.admin.ch/en/portal-data,rest_api,foph_idd,Switzerland FOPH IDD,https://www.idd.bag.admin.ch/en/portal-data,rest_api
country,ch,ch,Switzerland,CH,Switzerland,D105,Shigellosis,志贺菌病,Bacterial,2026-05-01,2026-05,18,4.2,0,0.1998268611263263,wpp_computed,,foph_idd,Switzerland FOPH IDD,https://www.idd.bag.admin.ch/en/portal-data,rest_api,foph_idd,Switzerland FOPH IDD,https://www.idd.bag.admin.ch/en/portal-data,rest_api
country,ch,ch,Switzerland,CH,Switzerland,D106,Invasive pneumococcal disease,侵袭性肺炎球菌病,Bacterial,2026-05-01,2026-05,67,15.633333333333333,0,0.7437999830813258,wpp_computed,,foph_idd,Switzerland FOPH IDD,https://www.idd.bag.admin.ch/en/portal-data,rest_api,foph_idd,Switzerland FOPH IDD,https://www.idd.bag.admin.ch/en/portal-data,rest_api
country,ch,ch,Switzerland,CH,Switzerland,D108,Listeriosis,李斯特菌病,Bacterial,2026-05-01,2026-05,2,0.4666666666666667,0,0.022202984569591813,wpp_computed,,foph_idd,Switzerland FOPH IDD,https://www.idd.bag.admin.ch/en/portal-data,rest_api,foph_idd,Switzerland FOPH IDD,https://www.idd.bag.admin.ch/en/portal-data,rest_api
country,ch,ch,Switzerland,CH,Switzerland,D109,Lyme disease,莱姆病,Bacterial,2026-05-01,2026-05,861,200.9,0,9.558384857209276,wpp_computed,,foph_idd,Switzerland FOPH IDD,https://www.idd.bag.admin.ch/en/portal-data,rest_api,foph_idd,Switzerland FOPH IDD,https://www.idd.bag.admin.ch/en/portal-data,rest_api
country,ch,ch,Switzerland,CH,Switzerland,D113,Q fever,Q热,Bacterial,2026-05-01,2026-05,11,2.5666666666666664,0,0.12211641513275497,wpp_computed,,foph_idd,Switzerland FOPH IDD,https://www.idd.bag.admin.ch/en/portal-data,rest_api,foph_idd,Switzerland FOPH IDD,https://www.idd.bag.admin.ch/en/portal-data,rest_api
country,ch,ch,Switzerland,CH,Switzerland,D114,Salmonellosis,沙门氏菌病,Bacterial,2026-05-01,2026-05,126,29.400000000000002,0,1.3987880278842841,wpp_computed,,foph_idd,Switzerland FOPH IDD,https://www.idd.bag.admin.ch/en/portal-data,rest_api,foph_idd,Switzerland FOPH IDD,https://www.idd.bag.admin.ch/en/portal-data,rest_api
country,ch,ch,Switzerland,CH,Switzerland,D115,Shiga toxin-producing Escherichia coli infection,产志贺毒素大肠杆菌感染,Bacterial,2026-05-01,2026-05,132,30.800000000000004,0,1.4653969815930596,wpp_computed,,foph_idd,Switzerland FOPH IDD,https://www.idd.bag.admin.ch/en/portal-data,rest_api,foph_idd,Switzerland FOPH IDD,https://www.idd.bag.admin.ch/en/portal-data,rest_api
country,ch,ch,Switzerland,CH,Switzerland,D123,Tularemia,土拉菌病,Bacterial,2026-05-01,2026-05,19,4.433333333333334,0,0.21092835341112223,wpp_computed,,foph_idd,Switzerland FOPH IDD,https://www.idd.bag.admin.ch/en/portal-data,rest_api,foph_idd,Switzerland FOPH IDD,https://www.idd.bag.admin.ch/en/portal-data,rest_api
country,ch,ch,Switzerland,CH,Switzerland,D205,Tick-borne encephalitis,蜱传脑炎,Viral,2026-05-01,2026-05,68,15.866666666666667,0,0.7549014753661216,wpp_computed,,foph_idd,Switzerland FOPH IDD,https://www.idd.bag.admin.ch/en/portal-data,rest_api,foph_idd,Switzerland FOPH IDD,https://www.idd.bag.admin.ch/en/portal-data,rest_api
country,ch,ch,Switzerland,CH,Switzerland,D004,COVID-19,新型冠状病毒感染,Viral,2026-05-04,2026-05,14,32.66666666666667,0,0.1554208919871427,wpp_computed,,foph_idd,Switzerland FOPH IDD,https://www.idd.bag.admin.ch/en/portal-data,rest_api,foph_idd,Switzerland FOPH IDD,https://www.idd.bag.admin.ch/en/portal-data,rest_api
country,ch,ch,Switzerland,CH,Switzerland,D038,Influenza,流行性感冒,Viral,2026-05-04,2026-05,11,25.666666666666664,0,0.12211641513275497,wpp_computed,,foph_idd,Switzerland FOPH IDD,https://www.idd.bag.admin.ch/en/portal-data,rest_api,foph_idd,Switzerland FOPH IDD,https://www.idd.bag.admin.ch/en/portal-data,rest_api
country,ch,ch,Switzerland,CH,Switzerland,D004,COVID-19,新型冠状病毒感染,Viral,2026-05-11,2026-05,12,12.0,0,0.13321790741755088,wpp_computed,,foph_idd,Switzerland FOPH IDD,https://www.idd.bag.admin.ch/en/portal-data,rest_api,foph_idd,Switzerland FOPH IDD,https://www.idd.bag.admin.ch/en/portal-data,rest_api
country,ch,ch,Switzerland,CH,Switzerland,D038,Influenza,流行性感冒,Viral,2026-05-11,2026-05,10,10.0,0,0.11101492284795907,wpp_computed,,foph_idd,Switzerland FOPH IDD,https://www.idd.bag.admin.ch/en/portal-data,rest_api,foph_idd,Switzerland FOPH IDD,https://www.idd.bag.admin.ch/en/portal-data,rest_api
country,ch,ch,Switzerland,CH,Switzerland,D004,COVID-19,新型冠状病毒感染,Viral,2026-05-18,2026-05,17,17.0,0,0.1887253688415304,wpp_computed,,foph_idd,Switzerland FOPH IDD,https://www.idd.bag.admin.ch/en/portal-data,rest_api,foph_idd,Switzerland FOPH IDD,https://www.idd.bag.admin.ch/en/portal-data,rest_api
country,ch,ch,Switzerland,CH,Switzerland,D038,Influenza,流行性感冒,Viral,2026-05-18,2026-05,11,11.0,0,0.12211641513275497,wpp_computed,,foph_idd,Switzerland FOPH IDD,https://www.idd.bag.admin.ch/en/portal-data,rest_api,foph_idd,Switzerland FOPH IDD,https://www.idd.bag.admin.ch/en/portal-data,rest_api
country,ch,ch,Switzerland,CH,Switzerland,D004,COVID-19,新型冠状病毒感染,Viral,2026-05-25,2026-05,7,7.0,0,0.07771044599357135,wpp_computed,,foph_idd,Switzerland FOPH IDD,https://www.idd.bag.admin.ch/en/portal-data,rest_api,foph_idd,Switzerland FOPH IDD,https://www.idd.bag.admin.ch/en/portal-data,rest_api
country,ch,ch,Switzerland,CH,Switzerland,D038,Influenza,流行性感冒,Viral,2026-05-25,2026-05,7,7.0,0,0.07771044599357135,wpp_computed,,foph_idd,Switzerland FOPH IDD,https://www.idd.bag.admin.ch/en/portal-data,rest_api,foph_idd,Switzerland FOPH IDD,https://www.idd.bag.admin.ch/en/portal-data,rest_api
country,ch,ch,Switzerland,CH,Switzerland,D004,COVID-19,新型冠状病毒感染,Viral,2026-06-01,2026-06,46,46.0,0,0.5106686451006117,wpp_computed,,foph_idd,Switzerland FOPH IDD,https://www.idd.bag.admin.ch/en/portal-data,rest_api,foph_idd,Switzerland FOPH IDD,https://www.idd.bag.admin.ch/en/portal-data,rest_api
country,ch,ch,Switzerland,CH,Switzerland,D007,Hepatitis A,甲型肝炎,Viral,2026-06-01,2026-06,5,1.129032258064516,0,0.05550746142397953,wpp_computed,,foph_idd,Switzerland FOPH IDD,https://www.idd.bag.admin.ch/en/portal-data,rest_api,foph_idd,Switzerland FOPH IDD,https://www.idd.bag.admin.ch/en/portal-data,rest_api
country,ch,ch,Switzerland,CH,Switzerland,D011,Hepatitis E,戊型肝炎,Viral,2026-06-01,2026-06,12,2.7096774193548385,0,0.13321790741755088,wpp_computed,,foph_idd,Switzerland FOPH IDD,https://www.idd.bag.admin.ch/en/portal-data,rest_api,foph_idd,Switzerland FOPH IDD,https://www.idd.bag.admin.ch/en/portal-data,rest_api
country,ch,ch,Switzerland,CH,Switzerland,D038,Influenza,流行性感冒,Viral,2026-06-01,2026-06,37,37.0,0,0.41075521453744857,wpp_computed,,foph_idd,Switzerland FOPH IDD,https://www.idd.bag.admin.ch/en/portal-data,rest_api,foph_idd,Switzerland FOPH IDD,https://www.idd.bag.admin.ch/en/portal-data,rest_api
country,ch,ch,Switzerland,CH,Switzerland,D092,Campylobacteriosis,弯曲杆菌病,Bacterial,2026-06-01,2026-06,1095,247.25806451612902,0,12.156134051851518,wpp_computed,,foph_idd,Switzerland FOPH IDD,https://www.idd.bag.admin.ch/en/portal-data,rest_api,foph_idd,Switzerland FOPH IDD,https://www.idd.bag.admin.ch/en/portal-data,rest_api
country,ch,ch,Switzerland,CH,Switzerland,D105,Shigellosis,志贺菌病,Bacterial,2026-06-01,2026-06,22,4.967741935483871,0,0.24423283026550993,wpp_computed,,foph_idd,Switzerland FOPH IDD,https://www.idd.bag.admin.ch/en/portal-data,rest_api,foph_idd,Switzerland FOPH IDD,https://www.idd.bag.admin.ch/en/portal-data,rest_api
country,ch,ch,Switzerland,CH,Switzerland,D109,Lyme disease,莱姆病,Bacterial,2026-06-01,2026-06,2110,476.4516129032258,0,23.424148720919362,wpp_computed,,foph_idd,Switzerland FOPH IDD,https://www.idd.bag.admin.ch/en/portal-data,rest_api,foph_idd,Switzerland FOPH IDD,https://www.idd.bag.admin.ch/en/portal-data,rest_api
country,ch,ch,Switzerland,CH,Switzerland,D114,Salmonellosis,沙门氏菌病,Bacterial,2026-06-01,2026-06,165,37.25806451612903,0,1.8317462269913247,wpp_computed,,foph_idd,Switzerland FOPH IDD,https://www.idd.bag.admin.ch/en/portal-data,rest_api,foph_idd,Switzerland FOPH IDD,https://www.idd.bag.admin.ch/en/portal-data,rest_api
country,ch,ch,Switzerland,CH,Switzerland,D115,Shiga toxin-producing Escherichia coli infection,产志贺毒素大肠杆菌感染,Bacterial,2026-06-01,2026-06,154,34.774193548387096,0,1.7096298118585695,wpp_computed,,foph_idd,Switzerland FOPH IDD,https://www.idd.bag.admin.ch/en/portal-data,rest_api,foph_idd,Switzerland FOPH IDD,https://www.idd.bag.admin.ch/en/portal-data,rest_api
country,ch,ch,Switzerland,CH,Switzerland,D123,Tularemia,土拉菌病,Bacterial,2026-06-01,2026-06,15,3.3870967741935485,0,0.1665223842719386,wpp_computed,,foph_idd,Switzerland FOPH IDD,https://www.idd.bag.admin.ch/en/portal-data,rest_api,foph_idd,Switzerland FOPH IDD,https://www.idd.bag.admin.ch/en/portal-data,rest_api
country,ch,ch,Switzerland,CH,Switzerland,D205,Tick-borne encephalitis,蜱传脑炎,Viral,2026-06-01,2026-06,107,24.161290322580644,0,1.187859674473162,wpp_computed,,foph_idd,Switzerland FOPH IDD,https://www.idd.bag.admin.ch/en/portal-data,rest_api,foph_idd,Switzerland FOPH IDD,https://www.idd.bag.admin.ch/en/portal-data,rest_api
