dataset_kind,dataset_id,dataset_slug,dataset_name,country_code,country_name,disease_id,disease_name_en,disease_name_zh,category,date,year_month,cases,weekly_equiv_cases,deaths,incidence_rate_per_100k,incidence_rate_source,mortality_rate,coverage_start,coverage_end,generated_at,primary_source_scope,primary_source_label,primary_source_url,primary_source_type,source_scopes,source_labels,source_urls,source_types
disease,D187,rabies-post-exposure-prophylaxis,Rabies post-exposure prophylaxis,BR,Brazil,D187,Rabies post-exposure prophylaxis,狂犬病暴露后处置,Other,2006-01-01,2006-01,14,3.161290322580645,0,,missing_population,,2006-01-01,2025-05-01,2026-06-01T00:00:00+00:00,sinan_datasus,Brazil DATASUS SINAN,http://siab.datasus.gov.br/DATASUS/index.php?acao=41&area=0901&item=1,ftp_dbc,sinan_datasus,Brazil DATASUS SINAN,http://siab.datasus.gov.br/DATASUS/index.php?acao=41&area=0901&item=1,ftp_dbc
disease,D187,rabies-post-exposure-prophylaxis,Rabies post-exposure prophylaxis,BR,Brazil,D187,Rabies post-exposure prophylaxis,狂犬病暴露后处置,Other,2006-02-01,2006-02,10,2.258064516129032,0,,missing_population,,2006-01-01,2025-05-01,2026-06-01T00:00:00+00:00,sinan_datasus,Brazil DATASUS SINAN,http://siab.datasus.gov.br/DATASUS/index.php?acao=41&area=0901&item=1,ftp_dbc,sinan_datasus,Brazil DATASUS SINAN,http://siab.datasus.gov.br/DATASUS/index.php?acao=41&area=0901&item=1,ftp_dbc
disease,D187,rabies-post-exposure-prophylaxis,Rabies post-exposure prophylaxis,BR,Brazil,D187,Rabies post-exposure prophylaxis,狂犬病暴露后处置,Other,2006-03-01,2006-03,20,5.0,0,,missing_population,,2006-01-01,2025-05-01,2026-06-01T00:00:00+00:00,sinan_datasus,Brazil DATASUS SINAN,http://siab.datasus.gov.br/DATASUS/index.php?acao=41&area=0901&item=1,ftp_dbc,sinan_datasus,Brazil DATASUS SINAN,http://siab.datasus.gov.br/DATASUS/index.php?acao=41&area=0901&item=1,ftp_dbc
disease,D187,rabies-post-exposure-prophylaxis,Rabies post-exposure prophylaxis,BR,Brazil,D187,Rabies post-exposure prophylaxis,狂犬病暴露后处置,Other,2006-04-01,2006-04,14,3.161290322580645,0,,missing_population,,2006-01-01,2025-05-01,2026-06-01T00:00:00+00:00,sinan_datasus,Brazil DATASUS SINAN,http://siab.datasus.gov.br/DATASUS/index.php?acao=41&area=0901&item=1,ftp_dbc,sinan_datasus,Brazil DATASUS SINAN,http://siab.datasus.gov.br/DATASUS/index.php?acao=41&area=0901&item=1,ftp_dbc
disease,D187,rabies-post-exposure-prophylaxis,Rabies post-exposure prophylaxis,BR,Brazil,D187,Rabies post-exposure prophylaxis,狂犬病暴露后处置,Other,2006-05-01,2006-05,14,3.2666666666666666,0,,missing_population,,2006-01-01,2025-05-01,2026-06-01T00:00:00+00:00,sinan_datasus,Brazil DATASUS SINAN,http://siab.datasus.gov.br/DATASUS/index.php?acao=41&area=0901&item=1,ftp_dbc,sinan_datasus,Brazil DATASUS SINAN,http://siab.datasus.gov.br/DATASUS/index.php?acao=41&area=0901&item=1,ftp_dbc
disease,D187,rabies-post-exposure-prophylaxis,Rabies post-exposure prophylaxis,BR,Brazil,D187,Rabies post-exposure prophylaxis,狂犬病暴露后处置,Other,2006-06-01,2006-06,34,7.677419354838709,0,,missing_population,,2006-01-01,2025-05-01,2026-06-01T00:00:00+00:00,sinan_datasus,Brazil DATASUS SINAN,http://siab.datasus.gov.br/DATASUS/index.php?acao=41&area=0901&item=1,ftp_dbc,sinan_datasus,Brazil DATASUS SINAN,http://siab.datasus.gov.br/DATASUS/index.php?acao=41&area=0901&item=1,ftp_dbc
disease,D187,rabies-post-exposure-prophylaxis,Rabies post-exposure prophylaxis,BR,Brazil,D187,Rabies post-exposure prophylaxis,狂犬病暴露后处置,Other,2006-07-01,2006-07,34,7.933333333333334,0,,missing_population,,2006-01-01,2025-05-01,2026-06-01T00:00:00+00:00,sinan_datasus,Brazil DATASUS SINAN,http://siab.datasus.gov.br/DATASUS/index.php?acao=41&area=0901&item=1,ftp_dbc,sinan_datasus,Brazil DATASUS SINAN,http://siab.datasus.gov.br/DATASUS/index.php?acao=41&area=0901&item=1,ftp_dbc
disease,D187,rabies-post-exposure-prophylaxis,Rabies post-exposure prophylaxis,BR,Brazil,D187,Rabies post-exposure prophylaxis,狂犬病暴露后处置,Other,2006-08-01,2006-08,40,9.032258064516128,0,,missing_population,,2006-01-01,2025-05-01,2026-06-01T00:00:00+00:00,sinan_datasus,Brazil DATASUS SINAN,http://siab.datasus.gov.br/DATASUS/index.php?acao=41&area=0901&item=1,ftp_dbc,sinan_datasus,Brazil DATASUS SINAN,http://siab.datasus.gov.br/DATASUS/index.php?acao=41&area=0901&item=1,ftp_dbc
disease,D187,rabies-post-exposure-prophylaxis,Rabies post-exposure prophylaxis,BR,Brazil,D187,Rabies post-exposure prophylaxis,狂犬病暴露后处置,Other,2006-09-01,2006-09,53,11.967741935483872,0,,missing_population,,2006-01-01,2025-05-01,2026-06-01T00:00:00+00:00,sinan_datasus,Brazil DATASUS SINAN,http://siab.datasus.gov.br/DATASUS/index.php?acao=41&area=0901&item=1,ftp_dbc,sinan_datasus,Brazil DATASUS SINAN,http://siab.datasus.gov.br/DATASUS/index.php?acao=41&area=0901&item=1,ftp_dbc
disease,D187,rabies-post-exposure-prophylaxis,Rabies post-exposure prophylaxis,BR,Brazil,D187,Rabies post-exposure prophylaxis,狂犬病暴露后处置,Other,2006-10-01,2006-10,114,26.599999999999998,0,,missing_population,,2006-01-01,2025-05-01,2026-06-01T00:00:00+00:00,sinan_datasus,Brazil DATASUS SINAN,http://siab.datasus.gov.br/DATASUS/index.php?acao=41&area=0901&item=1,ftp_dbc,sinan_datasus,Brazil DATASUS SINAN,http://siab.datasus.gov.br/DATASUS/index.php?acao=41&area=0901&item=1,ftp_dbc
disease,D187,rabies-post-exposure-prophylaxis,Rabies post-exposure prophylaxis,BR,Brazil,D187,Rabies post-exposure prophylaxis,狂犬病暴露后处置,Other,2006-11-01,2006-11,240,54.193548387096776,0,,missing_population,,2006-01-01,2025-05-01,2026-06-01T00:00:00+00:00,sinan_datasus,Brazil DATASUS SINAN,http://siab.datasus.gov.br/DATASUS/index.php?acao=41&area=0901&item=1,ftp_dbc,sinan_datasus,Brazil DATASUS SINAN,http://siab.datasus.gov.br/DATASUS/index.php?acao=41&area=0901&item=1,ftp_dbc
disease,D187,rabies-post-exposure-prophylaxis,Rabies post-exposure prophylaxis,BR,Brazil,D187,Rabies post-exposure prophylaxis,狂犬病暴露后处置,Other,2006-12-01,2006-12,778,181.53333333333333,0,,missing_population,,2006-01-01,2025-05-01,2026-06-01T00:00:00+00:00,sinan_datasus,Brazil DATASUS SINAN,http://siab.datasus.gov.br/DATASUS/index.php?acao=41&area=0901&item=1,ftp_dbc,sinan_datasus,Brazil DATASUS SINAN,http://siab.datasus.gov.br/DATASUS/index.php?acao=41&area=0901&item=1,ftp_dbc
disease,D187,rabies-post-exposure-prophylaxis,Rabies post-exposure prophylaxis,BR,Brazil,D187,Rabies post-exposure prophylaxis,狂犬病暴露后处置,Other,2007-01-01,2007-01,43736,9875.870967741936,0,,missing_population,,2006-01-01,2025-05-01,2026-06-01T00:00:00+00:00,sinan_datasus,Brazil DATASUS SINAN,http://siab.datasus.gov.br/DATASUS/index.php?acao=41&area=0901&item=1,ftp_dbc,sinan_datasus,Brazil DATASUS SINAN,http://siab.datasus.gov.br/DATASUS/index.php?acao=41&area=0901&item=1,ftp_dbc
disease,D187,rabies-post-exposure-prophylaxis,Rabies post-exposure prophylaxis,BR,Brazil,D187,Rabies post-exposure prophylaxis,狂犬病暴露后处置,Other,2007-02-01,2007-02,37923,8563.258064516129,0,,missing_population,,2006-01-01,2025-05-01,2026-06-01T00:00:00+00:00,sinan_datasus,Brazil DATASUS SINAN,http://siab.datasus.gov.br/DATASUS/index.php?acao=41&area=0901&item=1,ftp_dbc,sinan_datasus,Brazil DATASUS SINAN,http://siab.datasus.gov.br/DATASUS/index.php?acao=41&area=0901&item=1,ftp_dbc
disease,D187,rabies-post-exposure-prophylaxis,Rabies post-exposure prophylaxis,BR,Brazil,D187,Rabies post-exposure prophylaxis,狂犬病暴露后处置,Other,2007-03-01,2007-03,43592,10898.0,0,,missing_population,,2006-01-01,2025-05-01,2026-06-01T00:00:00+00:00,sinan_datasus,Brazil DATASUS SINAN,http://siab.datasus.gov.br/DATASUS/index.php?acao=41&area=0901&item=1,ftp_dbc,sinan_datasus,Brazil DATASUS SINAN,http://siab.datasus.gov.br/DATASUS/index.php?acao=41&area=0901&item=1,ftp_dbc
disease,D187,rabies-post-exposure-prophylaxis,Rabies post-exposure prophylaxis,BR,Brazil,D187,Rabies post-exposure prophylaxis,狂犬病暴露后处置,Other,2007-04-01,2007-04,39376,8891.354838709678,0,,missing_population,,2006-01-01,2025-05-01,2026-06-01T00:00:00+00:00,sinan_datasus,Brazil DATASUS SINAN,http://siab.datasus.gov.br/DATASUS/index.php?acao=41&area=0901&item=1,ftp_dbc,sinan_datasus,Brazil DATASUS SINAN,http://siab.datasus.gov.br/DATASUS/index.php?acao=41&area=0901&item=1,ftp_dbc
disease,D187,rabies-post-exposure-prophylaxis,Rabies post-exposure prophylaxis,BR,Brazil,D187,Rabies post-exposure prophylaxis,狂犬病暴露后处置,Other,2007-05-01,2007-05,41690,9727.666666666668,0,,missing_population,,2006-01-01,2025-05-01,2026-06-01T00:00:00+00:00,sinan_datasus,Brazil DATASUS SINAN,http://siab.datasus.gov.br/DATASUS/index.php?acao=41&area=0901&item=1,ftp_dbc,sinan_datasus,Brazil DATASUS SINAN,http://siab.datasus.gov.br/DATASUS/index.php?acao=41&area=0901&item=1,ftp_dbc
disease,D187,rabies-post-exposure-prophylaxis,Rabies post-exposure prophylaxis,BR,Brazil,D187,Rabies post-exposure prophylaxis,狂犬病暴露后处置,Other,2007-06-01,2007-06,40744,9200.258064516129,0,,missing_population,,2006-01-01,2025-05-01,2026-06-01T00:00:00+00:00,sinan_datasus,Brazil DATASUS SINAN,http://siab.datasus.gov.br/DATASUS/index.php?acao=41&area=0901&item=1,ftp_dbc,sinan_datasus,Brazil DATASUS SINAN,http://siab.datasus.gov.br/DATASUS/index.php?acao=41&area=0901&item=1,ftp_dbc
disease,D187,rabies-post-exposure-prophylaxis,Rabies post-exposure prophylaxis,BR,Brazil,D187,Rabies post-exposure prophylaxis,狂犬病暴露后处置,Other,2007-07-01,2007-07,45560,10630.666666666668,0,,missing_population,,2006-01-01,2025-05-01,2026-06-01T00:00:00+00:00,sinan_datasus,Brazil DATASUS SINAN,http://siab.datasus.gov.br/DATASUS/index.php?acao=41&area=0901&item=1,ftp_dbc,sinan_datasus,Brazil DATASUS SINAN,http://siab.datasus.gov.br/DATASUS/index.php?acao=41&area=0901&item=1,ftp_dbc
disease,D187,rabies-post-exposure-prophylaxis,Rabies post-exposure prophylaxis,BR,Brazil,D187,Rabies post-exposure prophylaxis,狂犬病暴露后处置,Other,2007-08-01,2007-08,48140,10870.322580645163,0,,missing_population,,2006-01-01,2025-05-01,2026-06-01T00:00:00+00:00,sinan_datasus,Brazil DATASUS SINAN,http://siab.datasus.gov.br/DATASUS/index.php?acao=41&area=0901&item=1,ftp_dbc,sinan_datasus,Brazil DATASUS SINAN,http://siab.datasus.gov.br/DATASUS/index.php?acao=41&area=0901&item=1,ftp_dbc
disease,D187,rabies-post-exposure-prophylaxis,Rabies post-exposure prophylaxis,BR,Brazil,D187,Rabies post-exposure prophylaxis,狂犬病暴露后处置,Other,2007-09-01,2007-09,44636,10079.096774193547,0,,missing_population,,2006-01-01,2025-05-01,2026-06-01T00:00:00+00:00,sinan_datasus,Brazil DATASUS SINAN,http://siab.datasus.gov.br/DATASUS/index.php?acao=41&area=0901&item=1,ftp_dbc,sinan_datasus,Brazil DATASUS SINAN,http://siab.datasus.gov.br/DATASUS/index.php?acao=41&area=0901&item=1,ftp_dbc
disease,D187,rabies-post-exposure-prophylaxis,Rabies post-exposure prophylaxis,BR,Brazil,D187,Rabies post-exposure prophylaxis,狂犬病暴露后处置,Other,2007-10-01,2007-10,45763,10678.033333333333,0,,missing_population,,2006-01-01,2025-05-01,2026-06-01T00:00:00+00:00,sinan_datasus,Brazil DATASUS SINAN,http://siab.datasus.gov.br/DATASUS/index.php?acao=41&area=0901&item=1,ftp_dbc,sinan_datasus,Brazil DATASUS SINAN,http://siab.datasus.gov.br/DATASUS/index.php?acao=41&area=0901&item=1,ftp_dbc
disease,D187,rabies-post-exposure-prophylaxis,Rabies post-exposure prophylaxis,BR,Brazil,D187,Rabies post-exposure prophylaxis,狂犬病暴露后处置,Other,2007-11-01,2007-11,41089,9278.161290322581,0,,missing_population,,2006-01-01,2025-05-01,2026-06-01T00:00:00+00:00,sinan_datasus,Brazil DATASUS SINAN,http://siab.datasus.gov.br/DATASUS/index.php?acao=41&area=0901&item=1,ftp_dbc,sinan_datasus,Brazil DATASUS SINAN,http://siab.datasus.gov.br/DATASUS/index.php?acao=41&area=0901&item=1,ftp_dbc
disease,D187,rabies-post-exposure-prophylaxis,Rabies post-exposure prophylaxis,BR,Brazil,D187,Rabies post-exposure prophylaxis,狂犬病暴露后处置,Other,2007-12-01,2007-12,40662,9487.800000000001,0,,missing_population,,2006-01-01,2025-05-01,2026-06-01T00:00:00+00:00,sinan_datasus,Brazil DATASUS SINAN,http://siab.datasus.gov.br/DATASUS/index.php?acao=41&area=0901&item=1,ftp_dbc,sinan_datasus,Brazil DATASUS SINAN,http://siab.datasus.gov.br/DATASUS/index.php?acao=41&area=0901&item=1,ftp_dbc
disease,D187,rabies-post-exposure-prophylaxis,Rabies post-exposure prophylaxis,BR,Brazil,D187,Rabies post-exposure prophylaxis,狂犬病暴露后处置,Other,2008-01-01,2008-01,47351,10692.161290322581,0,,missing_population,,2006-01-01,2025-05-01,2026-06-01T00:00:00+00:00,sinan_datasus,Brazil DATASUS SINAN,http://siab.datasus.gov.br/DATASUS/index.php?acao=41&area=0901&item=1,ftp_dbc,sinan_datasus,Brazil DATASUS SINAN,http://siab.datasus.gov.br/DATASUS/index.php?acao=41&area=0901&item=1,ftp_dbc
disease,D187,rabies-post-exposure-prophylaxis,Rabies post-exposure prophylaxis,BR,Brazil,D187,Rabies post-exposure prophylaxis,狂犬病暴露后处置,Other,2008-02-01,2008-02,42560,9610.322580645163,0,,missing_population,,2006-01-01,2025-05-01,2026-06-01T00:00:00+00:00,sinan_datasus,Brazil DATASUS SINAN,http://siab.datasus.gov.br/DATASUS/index.php?acao=41&area=0901&item=1,ftp_dbc,sinan_datasus,Brazil DATASUS SINAN,http://siab.datasus.gov.br/DATASUS/index.php?acao=41&area=0901&item=1,ftp_dbc
disease,D187,rabies-post-exposure-prophylaxis,Rabies post-exposure prophylaxis,BR,Brazil,D187,Rabies post-exposure prophylaxis,狂犬病暴露后处置,Other,2008-03-01,2008-03,42420,10239.310344827585,0,,missing_population,,2006-01-01,2025-05-01,2026-06-01T00:00:00+00:00,sinan_datasus,Brazil DATASUS SINAN,http://siab.datasus.gov.br/DATASUS/index.php?acao=41&area=0901&item=1,ftp_dbc,sinan_datasus,Brazil DATASUS SINAN,http://siab.datasus.gov.br/DATASUS/index.php?acao=41&area=0901&item=1,ftp_dbc
disease,D187,rabies-post-exposure-prophylaxis,Rabies post-exposure prophylaxis,BR,Brazil,D187,Rabies post-exposure prophylaxis,狂犬病暴露后处置,Other,2008-04-01,2008-04,40398,9122.129032258064,0,,missing_population,,2006-01-01,2025-05-01,2026-06-01T00:00:00+00:00,sinan_datasus,Brazil DATASUS SINAN,http://siab.datasus.gov.br/DATASUS/index.php?acao=41&area=0901&item=1,ftp_dbc,sinan_datasus,Brazil DATASUS SINAN,http://siab.datasus.gov.br/DATASUS/index.php?acao=41&area=0901&item=1,ftp_dbc
disease,D187,rabies-post-exposure-prophylaxis,Rabies post-exposure prophylaxis,BR,Brazil,D187,Rabies post-exposure prophylaxis,狂犬病暴露后处置,Other,2008-05-01,2008-05,39177,9141.300000000001,0,,missing_population,,2006-01-01,2025-05-01,2026-06-01T00:00:00+00:00,sinan_datasus,Brazil DATASUS SINAN,http://siab.datasus.gov.br/DATASUS/index.php?acao=41&area=0901&item=1,ftp_dbc,sinan_datasus,Brazil DATASUS SINAN,http://siab.datasus.gov.br/DATASUS/index.php?acao=41&area=0901&item=1,ftp_dbc
disease,D187,rabies-post-exposure-prophylaxis,Rabies post-exposure prophylaxis,BR,Brazil,D187,Rabies post-exposure prophylaxis,狂犬病暴露后处置,Other,2008-06-01,2008-06,39117,8832.870967741936,0,,missing_population,,2006-01-01,2025-05-01,2026-06-01T00:00:00+00:00,sinan_datasus,Brazil DATASUS SINAN,http://siab.datasus.gov.br/DATASUS/index.php?acao=41&area=0901&item=1,ftp_dbc,sinan_datasus,Brazil DATASUS SINAN,http://siab.datasus.gov.br/DATASUS/index.php?acao=41&area=0901&item=1,ftp_dbc
disease,D187,rabies-post-exposure-prophylaxis,Rabies post-exposure prophylaxis,BR,Brazil,D187,Rabies post-exposure prophylaxis,狂犬病暴露后处置,Other,2008-07-01,2008-07,44399,10359.766666666666,0,,missing_population,,2006-01-01,2025-05-01,2026-06-01T00:00:00+00:00,sinan_datasus,Brazil DATASUS SINAN,http://siab.datasus.gov.br/DATASUS/index.php?acao=41&area=0901&item=1,ftp_dbc,sinan_datasus,Brazil DATASUS SINAN,http://siab.datasus.gov.br/DATASUS/index.php?acao=41&area=0901&item=1,ftp_dbc
disease,D187,rabies-post-exposure-prophylaxis,Rabies post-exposure prophylaxis,BR,Brazil,D187,Rabies post-exposure prophylaxis,狂犬病暴露后处置,Other,2008-08-01,2008-08,44240,9989.677419354837,0,,missing_population,,2006-01-01,2025-05-01,2026-06-01T00:00:00+00:00,sinan_datasus,Brazil DATASUS SINAN,http://siab.datasus.gov.br/DATASUS/index.php?acao=41&area=0901&item=1,ftp_dbc,sinan_datasus,Brazil DATASUS SINAN,http://siab.datasus.gov.br/DATASUS/index.php?acao=41&area=0901&item=1,ftp_dbc
disease,D187,rabies-post-exposure-prophylaxis,Rabies post-exposure prophylaxis,BR,Brazil,D187,Rabies post-exposure prophylaxis,狂犬病暴露后处置,Other,2008-09-01,2008-09,46178,10427.290322580644,0,,missing_population,,2006-01-01,2025-05-01,2026-06-01T00:00:00+00:00,sinan_datasus,Brazil DATASUS SINAN,http://siab.datasus.gov.br/DATASUS/index.php?acao=41&area=0901&item=1,ftp_dbc,sinan_datasus,Brazil DATASUS SINAN,http://siab.datasus.gov.br/DATASUS/index.php?acao=41&area=0901&item=1,ftp_dbc
disease,D187,rabies-post-exposure-prophylaxis,Rabies post-exposure prophylaxis,BR,Brazil,D187,Rabies post-exposure prophylaxis,狂犬病暴露后处置,Other,2008-10-01,2008-10,45322,10575.133333333333,0,,missing_population,,2006-01-01,2025-05-01,2026-06-01T00:00:00+00:00,sinan_datasus,Brazil DATASUS SINAN,http://siab.datasus.gov.br/DATASUS/index.php?acao=41&area=0901&item=1,ftp_dbc,sinan_datasus,Brazil DATASUS SINAN,http://siab.datasus.gov.br/DATASUS/index.php?acao=41&area=0901&item=1,ftp_dbc
disease,D187,rabies-post-exposure-prophylaxis,Rabies post-exposure prophylaxis,BR,Brazil,D187,Rabies post-exposure prophylaxis,狂犬病暴露后处置,Other,2008-11-01,2008-11,43533,9830.032258064515,0,,missing_population,,2006-01-01,2025-05-01,2026-06-01T00:00:00+00:00,sinan_datasus,Brazil DATASUS SINAN,http://siab.datasus.gov.br/DATASUS/index.php?acao=41&area=0901&item=1,ftp_dbc,sinan_datasus,Brazil DATASUS SINAN,http://siab.datasus.gov.br/DATASUS/index.php?acao=41&area=0901&item=1,ftp_dbc
disease,D187,rabies-post-exposure-prophylaxis,Rabies post-exposure prophylaxis,BR,Brazil,D187,Rabies post-exposure prophylaxis,狂犬病暴露后处置,Other,2008-12-01,2008-12,44917,10480.633333333333,0,,missing_population,,2006-01-01,2025-05-01,2026-06-01T00:00:00+00:00,sinan_datasus,Brazil DATASUS SINAN,http://siab.datasus.gov.br/DATASUS/index.php?acao=41&area=0901&item=1,ftp_dbc,sinan_datasus,Brazil DATASUS SINAN,http://siab.datasus.gov.br/DATASUS/index.php?acao=41&area=0901&item=1,ftp_dbc
disease,D187,rabies-post-exposure-prophylaxis,Rabies post-exposure prophylaxis,BR,Brazil,D187,Rabies post-exposure prophylaxis,狂犬病暴露后处置,Other,2009-01-01,2009-01,50247,11346.096774193547,0,,missing_population,,2006-01-01,2025-05-01,2026-06-01T00:00:00+00:00,sinan_datasus,Brazil DATASUS SINAN,http://siab.datasus.gov.br/DATASUS/index.php?acao=41&area=0901&item=1,ftp_dbc,sinan_datasus,Brazil DATASUS SINAN,http://siab.datasus.gov.br/DATASUS/index.php?acao=41&area=0901&item=1,ftp_dbc
disease,D187,rabies-post-exposure-prophylaxis,Rabies post-exposure prophylaxis,BR,Brazil,D187,Rabies post-exposure prophylaxis,狂犬病暴露后处置,Other,2009-02-01,2009-02,45715,10322.741935483871,0,,missing_population,,2006-01-01,2025-05-01,2026-06-01T00:00:00+00:00,sinan_datasus,Brazil DATASUS SINAN,http://siab.datasus.gov.br/DATASUS/index.php?acao=41&area=0901&item=1,ftp_dbc,sinan_datasus,Brazil DATASUS SINAN,http://siab.datasus.gov.br/DATASUS/index.php?acao=41&area=0901&item=1,ftp_dbc
disease,D187,rabies-post-exposure-prophylaxis,Rabies post-exposure prophylaxis,BR,Brazil,D187,Rabies post-exposure prophylaxis,狂犬病暴露后处置,Other,2009-03-01,2009-03,49648,12412.0,0,,missing_population,,2006-01-01,2025-05-01,2026-06-01T00:00:00+00:00,sinan_datasus,Brazil DATASUS SINAN,http://siab.datasus.gov.br/DATASUS/index.php?acao=41&area=0901&item=1,ftp_dbc,sinan_datasus,Brazil DATASUS SINAN,http://siab.datasus.gov.br/DATASUS/index.php?acao=41&area=0901&item=1,ftp_dbc
disease,D187,rabies-post-exposure-prophylaxis,Rabies post-exposure prophylaxis,BR,Brazil,D187,Rabies post-exposure prophylaxis,狂犬病暴露后处置,Other,2009-04-01,2009-04,44165,9972.741935483871,0,,missing_population,,2006-01-01,2025-05-01,2026-06-01T00:00:00+00:00,sinan_datasus,Brazil DATASUS SINAN,http://siab.datasus.gov.br/DATASUS/index.php?acao=41&area=0901&item=1,ftp_dbc,sinan_datasus,Brazil DATASUS SINAN,http://siab.datasus.gov.br/DATASUS/index.php?acao=41&area=0901&item=1,ftp_dbc
disease,D187,rabies-post-exposure-prophylaxis,Rabies post-exposure prophylaxis,BR,Brazil,D187,Rabies post-exposure prophylaxis,狂犬病暴露后处置,Other,2009-05-01,2009-05,44901,10476.9,0,,missing_population,,2006-01-01,2025-05-01,2026-06-01T00:00:00+00:00,sinan_datasus,Brazil DATASUS SINAN,http://siab.datasus.gov.br/DATASUS/index.php?acao=41&area=0901&item=1,ftp_dbc,sinan_datasus,Brazil DATASUS SINAN,http://siab.datasus.gov.br/DATASUS/index.php?acao=41&area=0901&item=1,ftp_dbc
disease,D187,rabies-post-exposure-prophylaxis,Rabies post-exposure prophylaxis,BR,Brazil,D187,Rabies post-exposure prophylaxis,狂犬病暴露后处置,Other,2009-06-01,2009-06,43734,9875.41935483871,0,,missing_population,,2006-01-01,2025-05-01,2026-06-01T00:00:00+00:00,sinan_datasus,Brazil DATASUS SINAN,http://siab.datasus.gov.br/DATASUS/index.php?acao=41&area=0901&item=1,ftp_dbc,sinan_datasus,Brazil DATASUS SINAN,http://siab.datasus.gov.br/DATASUS/index.php?acao=41&area=0901&item=1,ftp_dbc
disease,D187,rabies-post-exposure-prophylaxis,Rabies post-exposure prophylaxis,BR,Brazil,D187,Rabies post-exposure prophylaxis,狂犬病暴露后处置,Other,2009-07-01,2009-07,48085,11219.833333333332,0,,missing_population,,2006-01-01,2025-05-01,2026-06-01T00:00:00+00:00,sinan_datasus,Brazil DATASUS SINAN,http://siab.datasus.gov.br/DATASUS/index.php?acao=41&area=0901&item=1,ftp_dbc,sinan_datasus,Brazil DATASUS SINAN,http://siab.datasus.gov.br/DATASUS/index.php?acao=41&area=0901&item=1,ftp_dbc
disease,D187,rabies-post-exposure-prophylaxis,Rabies post-exposure prophylaxis,BR,Brazil,D187,Rabies post-exposure prophylaxis,狂犬病暴露后处置,Other,2009-08-01,2009-08,47428,10709.548387096775,0,,missing_population,,2006-01-01,2025-05-01,2026-06-01T00:00:00+00:00,sinan_datasus,Brazil DATASUS SINAN,http://siab.datasus.gov.br/DATASUS/index.php?acao=41&area=0901&item=1,ftp_dbc,sinan_datasus,Brazil DATASUS SINAN,http://siab.datasus.gov.br/DATASUS/index.php?acao=41&area=0901&item=1,ftp_dbc
disease,D187,rabies-post-exposure-prophylaxis,Rabies post-exposure prophylaxis,BR,Brazil,D187,Rabies post-exposure prophylaxis,狂犬病暴露后处置,Other,2009-09-01,2009-09,47538,10734.387096774193,0,,missing_population,,2006-01-01,2025-05-01,2026-06-01T00:00:00+00:00,sinan_datasus,Brazil DATASUS SINAN,http://siab.datasus.gov.br/DATASUS/index.php?acao=41&area=0901&item=1,ftp_dbc,sinan_datasus,Brazil DATASUS SINAN,http://siab.datasus.gov.br/DATASUS/index.php?acao=41&area=0901&item=1,ftp_dbc
disease,D187,rabies-post-exposure-prophylaxis,Rabies post-exposure prophylaxis,BR,Brazil,D187,Rabies post-exposure prophylaxis,狂犬病暴露后处置,Other,2009-10-01,2009-10,46813,10923.033333333333,0,,missing_population,,2006-01-01,2025-05-01,2026-06-01T00:00:00+00:00,sinan_datasus,Brazil DATASUS SINAN,http://siab.datasus.gov.br/DATASUS/index.php?acao=41&area=0901&item=1,ftp_dbc,sinan_datasus,Brazil DATASUS SINAN,http://siab.datasus.gov.br/DATASUS/index.php?acao=41&area=0901&item=1,ftp_dbc
disease,D187,rabies-post-exposure-prophylaxis,Rabies post-exposure prophylaxis,BR,Brazil,D187,Rabies post-exposure prophylaxis,狂犬病暴露后处置,Other,2009-11-01,2009-11,46378,10472.451612903225,0,,missing_population,,2006-01-01,2025-05-01,2026-06-01T00:00:00+00:00,sinan_datasus,Brazil DATASUS SINAN,http://siab.datasus.gov.br/DATASUS/index.php?acao=41&area=0901&item=1,ftp_dbc,sinan_datasus,Brazil DATASUS SINAN,http://siab.datasus.gov.br/DATASUS/index.php?acao=41&area=0901&item=1,ftp_dbc
disease,D187,rabies-post-exposure-prophylaxis,Rabies post-exposure prophylaxis,BR,Brazil,D187,Rabies post-exposure prophylaxis,狂犬病暴露后处置,Other,2009-12-01,2009-12,44600,10406.666666666668,0,,missing_population,,2006-01-01,2025-05-01,2026-06-01T00:00:00+00:00,sinan_datasus,Brazil DATASUS SINAN,http://siab.datasus.gov.br/DATASUS/index.php?acao=41&area=0901&item=1,ftp_dbc,sinan_datasus,Brazil DATASUS SINAN,http://siab.datasus.gov.br/DATASUS/index.php?acao=41&area=0901&item=1,ftp_dbc
disease,D187,rabies-post-exposure-prophylaxis,Rabies post-exposure prophylaxis,BR,Brazil,D187,Rabies post-exposure prophylaxis,狂犬病暴露后处置,Other,2010-01-01,2010-01,48036,10846.838709677419,0,,missing_population,,2006-01-01,2025-05-01,2026-06-01T00:00:00+00:00,sinan_datasus,Brazil DATASUS SINAN,http://siab.datasus.gov.br/DATASUS/index.php?acao=41&area=0901&item=1,ftp_dbc,sinan_datasus,Brazil DATASUS SINAN,http://siab.datasus.gov.br/DATASUS/index.php?acao=41&area=0901&item=1,ftp_dbc
disease,D187,rabies-post-exposure-prophylaxis,Rabies post-exposure prophylaxis,BR,Brazil,D187,Rabies post-exposure prophylaxis,狂犬病暴露后处置,Other,2010-02-01,2010-02,41551,9382.48387096774,0,,missing_population,,2006-01-01,2025-05-01,2026-06-01T00:00:00+00:00,sinan_datasus,Brazil DATASUS SINAN,http://siab.datasus.gov.br/DATASUS/index.php?acao=41&area=0901&item=1,ftp_dbc,sinan_datasus,Brazil DATASUS SINAN,http://siab.datasus.gov.br/DATASUS/index.php?acao=41&area=0901&item=1,ftp_dbc
disease,D187,rabies-post-exposure-prophylaxis,Rabies post-exposure prophylaxis,BR,Brazil,D187,Rabies post-exposure prophylaxis,狂犬病暴露后处置,Other,2010-03-01,2010-03,46084,11521.0,0,,missing_population,,2006-01-01,2025-05-01,2026-06-01T00:00:00+00:00,sinan_datasus,Brazil DATASUS SINAN,http://siab.datasus.gov.br/DATASUS/index.php?acao=41&area=0901&item=1,ftp_dbc,sinan_datasus,Brazil DATASUS SINAN,http://siab.datasus.gov.br/DATASUS/index.php?acao=41&area=0901&item=1,ftp_dbc
disease,D187,rabies-post-exposure-prophylaxis,Rabies post-exposure prophylaxis,BR,Brazil,D187,Rabies post-exposure prophylaxis,狂犬病暴露后处置,Other,2010-04-01,2010-04,42640,9628.387096774193,0,,missing_population,,2006-01-01,2025-05-01,2026-06-01T00:00:00+00:00,sinan_datasus,Brazil DATASUS SINAN,http://siab.datasus.gov.br/DATASUS/index.php?acao=41&area=0901&item=1,ftp_dbc,sinan_datasus,Brazil DATASUS SINAN,http://siab.datasus.gov.br/DATASUS/index.php?acao=41&area=0901&item=1,ftp_dbc
disease,D187,rabies-post-exposure-prophylaxis,Rabies post-exposure prophylaxis,BR,Brazil,D187,Rabies post-exposure prophylaxis,狂犬病暴露后处置,Other,2010-05-01,2010-05,43420,10131.333333333332,0,,missing_population,,2006-01-01,2025-05-01,2026-06-01T00:00:00+00:00,sinan_datasus,Brazil DATASUS SINAN,http://siab.datasus.gov.br/DATASUS/index.php?acao=41&area=0901&item=1,ftp_dbc,sinan_datasus,Brazil DATASUS SINAN,http://siab.datasus.gov.br/DATASUS/index.php?acao=41&area=0901&item=1,ftp_dbc
disease,D187,rabies-post-exposure-prophylaxis,Rabies post-exposure prophylaxis,BR,Brazil,D187,Rabies post-exposure prophylaxis,狂犬病暴露后处置,Other,2010-06-01,2010-06,40839,9221.709677419356,0,,missing_population,,2006-01-01,2025-05-01,2026-06-01T00:00:00+00:00,sinan_datasus,Brazil DATASUS SINAN,http://siab.datasus.gov.br/DATASUS/index.php?acao=41&area=0901&item=1,ftp_dbc,sinan_datasus,Brazil DATASUS SINAN,http://siab.datasus.gov.br/DATASUS/index.php?acao=41&area=0901&item=1,ftp_dbc
disease,D187,rabies-post-exposure-prophylaxis,Rabies post-exposure prophylaxis,BR,Brazil,D187,Rabies post-exposure prophylaxis,狂犬病暴露后处置,Other,2010-07-01,2010-07,45940,10719.333333333332,0,,missing_population,,2006-01-01,2025-05-01,2026-06-01T00:00:00+00:00,sinan_datasus,Brazil DATASUS SINAN,http://siab.datasus.gov.br/DATASUS/index.php?acao=41&area=0901&item=1,ftp_dbc,sinan_datasus,Brazil DATASUS SINAN,http://siab.datasus.gov.br/DATASUS/index.php?acao=41&area=0901&item=1,ftp_dbc
disease,D187,rabies-post-exposure-prophylaxis,Rabies post-exposure prophylaxis,BR,Brazil,D187,Rabies post-exposure prophylaxis,狂犬病暴露后处置,Other,2010-08-01,2010-08,50240,11344.51612903226,0,,missing_population,,2006-01-01,2025-05-01,2026-06-01T00:00:00+00:00,sinan_datasus,Brazil DATASUS SINAN,http://siab.datasus.gov.br/DATASUS/index.php?acao=41&area=0901&item=1,ftp_dbc,sinan_datasus,Brazil DATASUS SINAN,http://siab.datasus.gov.br/DATASUS/index.php?acao=41&area=0901&item=1,ftp_dbc
disease,D187,rabies-post-exposure-prophylaxis,Rabies post-exposure prophylaxis,BR,Brazil,D187,Rabies post-exposure prophylaxis,狂犬病暴露后处置,Other,2010-09-01,2010-09,47917,10819.967741935485,0,,missing_population,,2006-01-01,2025-05-01,2026-06-01T00:00:00+00:00,sinan_datasus,Brazil DATASUS SINAN,http://siab.datasus.gov.br/DATASUS/index.php?acao=41&area=0901&item=1,ftp_dbc,sinan_datasus,Brazil DATASUS SINAN,http://siab.datasus.gov.br/DATASUS/index.php?acao=41&area=0901&item=1,ftp_dbc
disease,D187,rabies-post-exposure-prophylaxis,Rabies post-exposure prophylaxis,BR,Brazil,D187,Rabies post-exposure prophylaxis,狂犬病暴露后处置,Other,2010-10-01,2010-10,44931,10483.9,0,,missing_population,,2006-01-01,2025-05-01,2026-06-01T00:00:00+00:00,sinan_datasus,Brazil DATASUS SINAN,http://siab.datasus.gov.br/DATASUS/index.php?acao=41&area=0901&item=1,ftp_dbc,sinan_datasus,Brazil DATASUS SINAN,http://siab.datasus.gov.br/DATASUS/index.php?acao=41&area=0901&item=1,ftp_dbc
disease,D187,rabies-post-exposure-prophylaxis,Rabies post-exposure prophylaxis,BR,Brazil,D187,Rabies post-exposure prophylaxis,狂犬病暴露后处置,Other,2010-11-01,2010-11,46531,10507.0,0,,missing_population,,2006-01-01,2025-05-01,2026-06-01T00:00:00+00:00,sinan_datasus,Brazil DATASUS SINAN,http://siab.datasus.gov.br/DATASUS/index.php?acao=41&area=0901&item=1,ftp_dbc,sinan_datasus,Brazil DATASUS SINAN,http://siab.datasus.gov.br/DATASUS/index.php?acao=41&area=0901&item=1,ftp_dbc
disease,D187,rabies-post-exposure-prophylaxis,Rabies post-exposure prophylaxis,BR,Brazil,D187,Rabies post-exposure prophylaxis,狂犬病暴露后处置,Other,2010-12-01,2010-12,48320,11274.666666666668,0,,missing_population,,2006-01-01,2025-05-01,2026-06-01T00:00:00+00:00,sinan_datasus,Brazil DATASUS SINAN,http://siab.datasus.gov.br/DATASUS/index.php?acao=41&area=0901&item=1,ftp_dbc,sinan_datasus,Brazil DATASUS SINAN,http://siab.datasus.gov.br/DATASUS/index.php?acao=41&area=0901&item=1,ftp_dbc
disease,D187,rabies-post-exposure-prophylaxis,Rabies post-exposure prophylaxis,BR,Brazil,D187,Rabies post-exposure prophylaxis,狂犬病暴露后处置,Other,2011-01-01,2011-01,49188,11106.967741935485,0,,missing_population,,2006-01-01,2025-05-01,2026-06-01T00:00:00+00:00,sinan_datasus,Brazil DATASUS SINAN,http://siab.datasus.gov.br/DATASUS/index.php?acao=41&area=0901&item=1,ftp_dbc,sinan_datasus,Brazil DATASUS SINAN,http://siab.datasus.gov.br/DATASUS/index.php?acao=41&area=0901&item=1,ftp_dbc
disease,D187,rabies-post-exposure-prophylaxis,Rabies post-exposure prophylaxis,BR,Brazil,D187,Rabies post-exposure prophylaxis,狂犬病暴露后处置,Other,2011-02-01,2011-02,43711,9870.225806451614,0,,missing_population,,2006-01-01,2025-05-01,2026-06-01T00:00:00+00:00,sinan_datasus,Brazil DATASUS SINAN,http://siab.datasus.gov.br/DATASUS/index.php?acao=41&area=0901&item=1,ftp_dbc,sinan_datasus,Brazil DATASUS SINAN,http://siab.datasus.gov.br/DATASUS/index.php?acao=41&area=0901&item=1,ftp_dbc
disease,D187,rabies-post-exposure-prophylaxis,Rabies post-exposure prophylaxis,BR,Brazil,D187,Rabies post-exposure prophylaxis,狂犬病暴露后处置,Other,2011-03-01,2011-03,42498,10624.5,0,,missing_population,,2006-01-01,2025-05-01,2026-06-01T00:00:00+00:00,sinan_datasus,Brazil DATASUS SINAN,http://siab.datasus.gov.br/DATASUS/index.php?acao=41&area=0901&item=1,ftp_dbc,sinan_datasus,Brazil DATASUS SINAN,http://siab.datasus.gov.br/DATASUS/index.php?acao=41&area=0901&item=1,ftp_dbc
disease,D187,rabies-post-exposure-prophylaxis,Rabies post-exposure prophylaxis,BR,Brazil,D187,Rabies post-exposure prophylaxis,狂犬病暴露后处置,Other,2011-04-01,2011-04,42303,9552.290322580644,0,,missing_population,,2006-01-01,2025-05-01,2026-06-01T00:00:00+00:00,sinan_datasus,Brazil DATASUS SINAN,http://siab.datasus.gov.br/DATASUS/index.php?acao=41&area=0901&item=1,ftp_dbc,sinan_datasus,Brazil DATASUS SINAN,http://siab.datasus.gov.br/DATASUS/index.php?acao=41&area=0901&item=1,ftp_dbc
disease,D187,rabies-post-exposure-prophylaxis,Rabies post-exposure prophylaxis,BR,Brazil,D187,Rabies post-exposure prophylaxis,狂犬病暴露后处置,Other,2011-05-01,2011-05,45435,10601.5,0,,missing_population,,2006-01-01,2025-05-01,2026-06-01T00:00:00+00:00,sinan_datasus,Brazil DATASUS SINAN,http://siab.datasus.gov.br/DATASUS/index.php?acao=41&area=0901&item=1,ftp_dbc,sinan_datasus,Brazil DATASUS SINAN,http://siab.datasus.gov.br/DATASUS/index.php?acao=41&area=0901&item=1,ftp_dbc
disease,D187,rabies-post-exposure-prophylaxis,Rabies post-exposure prophylaxis,BR,Brazil,D187,Rabies post-exposure prophylaxis,狂犬病暴露后处置,Other,2011-06-01,2011-06,42973,9703.58064516129,0,,missing_population,,2006-01-01,2025-05-01,2026-06-01T00:00:00+00:00,sinan_datasus,Brazil DATASUS SINAN,http://siab.datasus.gov.br/DATASUS/index.php?acao=41&area=0901&item=1,ftp_dbc,sinan_datasus,Brazil DATASUS SINAN,http://siab.datasus.gov.br/DATASUS/index.php?acao=41&area=0901&item=1,ftp_dbc
disease,D187,rabies-post-exposure-prophylaxis,Rabies post-exposure prophylaxis,BR,Brazil,D187,Rabies post-exposure prophylaxis,狂犬病暴露后处置,Other,2011-07-01,2011-07,46800,10920.0,0,,missing_population,,2006-01-01,2025-05-01,2026-06-01T00:00:00+00:00,sinan_datasus,Brazil DATASUS SINAN,http://siab.datasus.gov.br/DATASUS/index.php?acao=41&area=0901&item=1,ftp_dbc,sinan_datasus,Brazil DATASUS SINAN,http://siab.datasus.gov.br/DATASUS/index.php?acao=41&area=0901&item=1,ftp_dbc
disease,D187,rabies-post-exposure-prophylaxis,Rabies post-exposure prophylaxis,BR,Brazil,D187,Rabies post-exposure prophylaxis,狂犬病暴露后处置,Other,2011-08-01,2011-08,50072,11306.58064516129,0,,missing_population,,2006-01-01,2025-05-01,2026-06-01T00:00:00+00:00,sinan_datasus,Brazil DATASUS SINAN,http://siab.datasus.gov.br/DATASUS/index.php?acao=41&area=0901&item=1,ftp_dbc,sinan_datasus,Brazil DATASUS SINAN,http://siab.datasus.gov.br/DATASUS/index.php?acao=41&area=0901&item=1,ftp_dbc
disease,D187,rabies-post-exposure-prophylaxis,Rabies post-exposure prophylaxis,BR,Brazil,D187,Rabies post-exposure prophylaxis,狂犬病暴露后处置,Other,2011-09-01,2011-09,46645,10532.741935483871,0,,missing_population,,2006-01-01,2025-05-01,2026-06-01T00:00:00+00:00,sinan_datasus,Brazil DATASUS SINAN,http://siab.datasus.gov.br/DATASUS/index.php?acao=41&area=0901&item=1,ftp_dbc,sinan_datasus,Brazil DATASUS SINAN,http://siab.datasus.gov.br/DATASUS/index.php?acao=41&area=0901&item=1,ftp_dbc
disease,D187,rabies-post-exposure-prophylaxis,Rabies post-exposure prophylaxis,BR,Brazil,D187,Rabies post-exposure prophylaxis,狂犬病暴露后处置,Other,2011-10-01,2011-10,46858,10933.533333333333,0,,missing_population,,2006-01-01,2025-05-01,2026-06-01T00:00:00+00:00,sinan_datasus,Brazil DATASUS SINAN,http://siab.datasus.gov.br/DATASUS/index.php?acao=41&area=0901&item=1,ftp_dbc,sinan_datasus,Brazil DATASUS SINAN,http://siab.datasus.gov.br/DATASUS/index.php?acao=41&area=0901&item=1,ftp_dbc
disease,D187,rabies-post-exposure-prophylaxis,Rabies post-exposure prophylaxis,BR,Brazil,D187,Rabies post-exposure prophylaxis,狂犬病暴露后处置,Other,2011-11-01,2011-11,50203,11336.161290322581,0,,missing_population,,2006-01-01,2025-05-01,2026-06-01T00:00:00+00:00,sinan_datasus,Brazil DATASUS SINAN,http://siab.datasus.gov.br/DATASUS/index.php?acao=41&area=0901&item=1,ftp_dbc,sinan_datasus,Brazil DATASUS SINAN,http://siab.datasus.gov.br/DATASUS/index.php?acao=41&area=0901&item=1,ftp_dbc
disease,D187,rabies-post-exposure-prophylaxis,Rabies post-exposure prophylaxis,BR,Brazil,D187,Rabies post-exposure prophylaxis,狂犬病暴露后处置,Other,2011-12-01,2011-12,50729,11836.766666666666,0,,missing_population,,2006-01-01,2025-05-01,2026-06-01T00:00:00+00:00,sinan_datasus,Brazil DATASUS SINAN,http://siab.datasus.gov.br/DATASUS/index.php?acao=41&area=0901&item=1,ftp_dbc,sinan_datasus,Brazil DATASUS SINAN,http://siab.datasus.gov.br/DATASUS/index.php?acao=41&area=0901&item=1,ftp_dbc
disease,D187,rabies-post-exposure-prophylaxis,Rabies post-exposure prophylaxis,BR,Brazil,D187,Rabies post-exposure prophylaxis,狂犬病暴露后处置,Other,2012-01-01,2012-01,55242,12474.0,0,,missing_population,,2006-01-01,2025-05-01,2026-06-01T00:00:00+00:00,sinan_datasus,Brazil DATASUS SINAN,http://siab.datasus.gov.br/DATASUS/index.php?acao=41&area=0901&item=1,ftp_dbc,sinan_datasus,Brazil DATASUS SINAN,http://siab.datasus.gov.br/DATASUS/index.php?acao=41&area=0901&item=1,ftp_dbc
disease,D187,rabies-post-exposure-prophylaxis,Rabies post-exposure prophylaxis,BR,Brazil,D187,Rabies post-exposure prophylaxis,狂犬病暴露后处置,Other,2012-02-01,2012-02,50451,11392.161290322581,0,,missing_population,,2006-01-01,2025-05-01,2026-06-01T00:00:00+00:00,sinan_datasus,Brazil DATASUS SINAN,http://siab.datasus.gov.br/DATASUS/index.php?acao=41&area=0901&item=1,ftp_dbc,sinan_datasus,Brazil DATASUS SINAN,http://siab.datasus.gov.br/DATASUS/index.php?acao=41&area=0901&item=1,ftp_dbc
disease,D187,rabies-post-exposure-prophylaxis,Rabies post-exposure prophylaxis,BR,Brazil,D187,Rabies post-exposure prophylaxis,狂犬病暴露后处置,Other,2012-03-01,2012-03,53100,12817.241379310344,0,,missing_population,,2006-01-01,2025-05-01,2026-06-01T00:00:00+00:00,sinan_datasus,Brazil DATASUS SINAN,http://siab.datasus.gov.br/DATASUS/index.php?acao=41&area=0901&item=1,ftp_dbc,sinan_datasus,Brazil DATASUS SINAN,http://siab.datasus.gov.br/DATASUS/index.php?acao=41&area=0901&item=1,ftp_dbc
disease,D187,rabies-post-exposure-prophylaxis,Rabies post-exposure prophylaxis,BR,Brazil,D187,Rabies post-exposure prophylaxis,狂犬病暴露后处置,Other,2012-04-01,2012-04,47948,10826.967741935485,0,,missing_population,,2006-01-01,2025-05-01,2026-06-01T00:00:00+00:00,sinan_datasus,Brazil DATASUS SINAN,http://siab.datasus.gov.br/DATASUS/index.php?acao=41&area=0901&item=1,ftp_dbc,sinan_datasus,Brazil DATASUS SINAN,http://siab.datasus.gov.br/DATASUS/index.php?acao=41&area=0901&item=1,ftp_dbc
disease,D187,rabies-post-exposure-prophylaxis,Rabies post-exposure prophylaxis,BR,Brazil,D187,Rabies post-exposure prophylaxis,狂犬病暴露后处置,Other,2012-05-01,2012-05,51251,11958.566666666666,0,,missing_population,,2006-01-01,2025-05-01,2026-06-01T00:00:00+00:00,sinan_datasus,Brazil DATASUS SINAN,http://siab.datasus.gov.br/DATASUS/index.php?acao=41&area=0901&item=1,ftp_dbc,sinan_datasus,Brazil DATASUS SINAN,http://siab.datasus.gov.br/DATASUS/index.php?acao=41&area=0901&item=1,ftp_dbc
disease,D187,rabies-post-exposure-prophylaxis,Rabies post-exposure prophylaxis,BR,Brazil,D187,Rabies post-exposure prophylaxis,狂犬病暴露后处置,Other,2012-06-01,2012-06,47752,10782.709677419356,0,,missing_population,,2006-01-01,2025-05-01,2026-06-01T00:00:00+00:00,sinan_datasus,Brazil DATASUS SINAN,http://siab.datasus.gov.br/DATASUS/index.php?acao=41&area=0901&item=1,ftp_dbc,sinan_datasus,Brazil DATASUS SINAN,http://siab.datasus.gov.br/DATASUS/index.php?acao=41&area=0901&item=1,ftp_dbc
disease,D187,rabies-post-exposure-prophylaxis,Rabies post-exposure prophylaxis,BR,Brazil,D187,Rabies post-exposure prophylaxis,狂犬病暴露后处置,Other,2012-07-01,2012-07,53520,12488.0,0,,missing_population,,2006-01-01,2025-05-01,2026-06-01T00:00:00+00:00,sinan_datasus,Brazil DATASUS SINAN,http://siab.datasus.gov.br/DATASUS/index.php?acao=41&area=0901&item=1,ftp_dbc,sinan_datasus,Brazil DATASUS SINAN,http://siab.datasus.gov.br/DATASUS/index.php?acao=41&area=0901&item=1,ftp_dbc
disease,D187,rabies-post-exposure-prophylaxis,Rabies post-exposure prophylaxis,BR,Brazil,D187,Rabies post-exposure prophylaxis,狂犬病暴露后处置,Other,2012-08-01,2012-08,55325,12492.741935483871,0,,missing_population,,2006-01-01,2025-05-01,2026-06-01T00:00:00+00:00,sinan_datasus,Brazil DATASUS SINAN,http://siab.datasus.gov.br/DATASUS/index.php?acao=41&area=0901&item=1,ftp_dbc,sinan_datasus,Brazil DATASUS SINAN,http://siab.datasus.gov.br/DATASUS/index.php?acao=41&area=0901&item=1,ftp_dbc
disease,D187,rabies-post-exposure-prophylaxis,Rabies post-exposure prophylaxis,BR,Brazil,D187,Rabies post-exposure prophylaxis,狂犬病暴露后处置,Other,2012-09-01,2012-09,49799,11244.935483870968,0,,missing_population,,2006-01-01,2025-05-01,2026-06-01T00:00:00+00:00,sinan_datasus,Brazil DATASUS SINAN,http://siab.datasus.gov.br/DATASUS/index.php?acao=41&area=0901&item=1,ftp_dbc,sinan_datasus,Brazil DATASUS SINAN,http://siab.datasus.gov.br/DATASUS/index.php?acao=41&area=0901&item=1,ftp_dbc
disease,D187,rabies-post-exposure-prophylaxis,Rabies post-exposure prophylaxis,BR,Brazil,D187,Rabies post-exposure prophylaxis,狂犬病暴露后处置,Other,2012-10-01,2012-10,52963,12358.033333333333,0,,missing_population,,2006-01-01,2025-05-01,2026-06-01T00:00:00+00:00,sinan_datasus,Brazil DATASUS SINAN,http://siab.datasus.gov.br/DATASUS/index.php?acao=41&area=0901&item=1,ftp_dbc,sinan_datasus,Brazil DATASUS SINAN,http://siab.datasus.gov.br/DATASUS/index.php?acao=41&area=0901&item=1,ftp_dbc
disease,D187,rabies-post-exposure-prophylaxis,Rabies post-exposure prophylaxis,BR,Brazil,D187,Rabies post-exposure prophylaxis,狂犬病暴露后处置,Other,2012-11-01,2012-11,47452,10714.967741935485,0,,missing_population,,2006-01-01,2025-05-01,2026-06-01T00:00:00+00:00,sinan_datasus,Brazil DATASUS SINAN,http://siab.datasus.gov.br/DATASUS/index.php?acao=41&area=0901&item=1,ftp_dbc,sinan_datasus,Brazil DATASUS SINAN,http://siab.datasus.gov.br/DATASUS/index.php?acao=41&area=0901&item=1,ftp_dbc
disease,D187,rabies-post-exposure-prophylaxis,Rabies post-exposure prophylaxis,BR,Brazil,D187,Rabies post-exposure prophylaxis,狂犬病暴露后处置,Other,2012-12-01,2012-12,47630,11113.666666666668,0,,missing_population,,2006-01-01,2025-05-01,2026-06-01T00:00:00+00:00,sinan_datasus,Brazil DATASUS SINAN,http://siab.datasus.gov.br/DATASUS/index.php?acao=41&area=0901&item=1,ftp_dbc,sinan_datasus,Brazil DATASUS SINAN,http://siab.datasus.gov.br/DATASUS/index.php?acao=41&area=0901&item=1,ftp_dbc
disease,D187,rabies-post-exposure-prophylaxis,Rabies post-exposure prophylaxis,BR,Brazil,D187,Rabies post-exposure prophylaxis,狂犬病暴露后处置,Other,2013-01-01,2013-01,54705,12352.741935483871,0,,missing_population,,2006-01-01,2025-05-01,2026-06-01T00:00:00+00:00,sinan_datasus,Brazil DATASUS SINAN,http://siab.datasus.gov.br/DATASUS/index.php?acao=41&area=0901&item=1,ftp_dbc,sinan_datasus,Brazil DATASUS SINAN,http://siab.datasus.gov.br/DATASUS/index.php?acao=41&area=0901&item=1,ftp_dbc
disease,D187,rabies-post-exposure-prophylaxis,Rabies post-exposure prophylaxis,BR,Brazil,D187,Rabies post-exposure prophylaxis,狂犬病暴露后处置,Other,2013-02-01,2013-02,48083,10857.451612903225,0,,missing_population,,2006-01-01,2025-05-01,2026-06-01T00:00:00+00:00,sinan_datasus,Brazil DATASUS SINAN,http://siab.datasus.gov.br/DATASUS/index.php?acao=41&area=0901&item=1,ftp_dbc,sinan_datasus,Brazil DATASUS SINAN,http://siab.datasus.gov.br/DATASUS/index.php?acao=41&area=0901&item=1,ftp_dbc
disease,D187,rabies-post-exposure-prophylaxis,Rabies post-exposure prophylaxis,BR,Brazil,D187,Rabies post-exposure prophylaxis,狂犬病暴露后处置,Other,2013-03-01,2013-03,47217,11804.25,0,,missing_population,,2006-01-01,2025-05-01,2026-06-01T00:00:00+00:00,sinan_datasus,Brazil DATASUS SINAN,http://siab.datasus.gov.br/DATASUS/index.php?acao=41&area=0901&item=1,ftp_dbc,sinan_datasus,Brazil DATASUS SINAN,http://siab.datasus.gov.br/DATASUS/index.php?acao=41&area=0901&item=1,ftp_dbc
disease,D187,rabies-post-exposure-prophylaxis,Rabies post-exposure prophylaxis,BR,Brazil,D187,Rabies post-exposure prophylaxis,狂犬病暴露后处置,Other,2013-04-01,2013-04,48983,11060.677419354837,0,,missing_population,,2006-01-01,2025-05-01,2026-06-01T00:00:00+00:00,sinan_datasus,Brazil DATASUS SINAN,http://siab.datasus.gov.br/DATASUS/index.php?acao=41&area=0901&item=1,ftp_dbc,sinan_datasus,Brazil DATASUS SINAN,http://siab.datasus.gov.br/DATASUS/index.php?acao=41&area=0901&item=1,ftp_dbc
disease,D187,rabies-post-exposure-prophylaxis,Rabies post-exposure prophylaxis,BR,Brazil,D187,Rabies post-exposure prophylaxis,狂犬病暴露后处置,Other,2013-05-01,2013-05,47995,11198.833333333332,0,,missing_population,,2006-01-01,2025-05-01,2026-06-01T00:00:00+00:00,sinan_datasus,Brazil DATASUS SINAN,http://siab.datasus.gov.br/DATASUS/index.php?acao=41&area=0901&item=1,ftp_dbc,sinan_datasus,Brazil DATASUS SINAN,http://siab.datasus.gov.br/DATASUS/index.php?acao=41&area=0901&item=1,ftp_dbc
disease,D187,rabies-post-exposure-prophylaxis,Rabies post-exposure prophylaxis,BR,Brazil,D187,Rabies post-exposure prophylaxis,狂犬病暴露后处置,Other,2013-06-01,2013-06,46603,10523.258064516129,0,,missing_population,,2006-01-01,2025-05-01,2026-06-01T00:00:00+00:00,sinan_datasus,Brazil DATASUS SINAN,http://siab.datasus.gov.br/DATASUS/index.php?acao=41&area=0901&item=1,ftp_dbc,sinan_datasus,Brazil DATASUS SINAN,http://siab.datasus.gov.br/DATASUS/index.php?acao=41&area=0901&item=1,ftp_dbc
disease,D187,rabies-post-exposure-prophylaxis,Rabies post-exposure prophylaxis,BR,Brazil,D187,Rabies post-exposure prophylaxis,狂犬病暴露后处置,Other,2013-07-01,2013-07,53282,12432.466666666667,0,,missing_population,,2006-01-01,2025-05-01,2026-06-01T00:00:00+00:00,sinan_datasus,Brazil DATASUS SINAN,http://siab.datasus.gov.br/DATASUS/index.php?acao=41&area=0901&item=1,ftp_dbc,sinan_datasus,Brazil DATASUS SINAN,http://siab.datasus.gov.br/DATASUS/index.php?acao=41&area=0901&item=1,ftp_dbc
disease,D187,rabies-post-exposure-prophylaxis,Rabies post-exposure prophylaxis,BR,Brazil,D187,Rabies post-exposure prophylaxis,狂犬病暴露后处置,Other,2013-08-01,2013-08,54062,12207.548387096775,0,,missing_population,,2006-01-01,2025-05-01,2026-06-01T00:00:00+00:00,sinan_datasus,Brazil DATASUS SINAN,http://siab.datasus.gov.br/DATASUS/index.php?acao=41&area=0901&item=1,ftp_dbc,sinan_datasus,Brazil DATASUS SINAN,http://siab.datasus.gov.br/DATASUS/index.php?acao=41&area=0901&item=1,ftp_dbc
disease,D187,rabies-post-exposure-prophylaxis,Rabies post-exposure prophylaxis,BR,Brazil,D187,Rabies post-exposure prophylaxis,狂犬病暴露后处置,Other,2013-09-01,2013-09,54810,12376.451612903225,0,,missing_population,,2006-01-01,2025-05-01,2026-06-01T00:00:00+00:00,sinan_datasus,Brazil DATASUS SINAN,http://siab.datasus.gov.br/DATASUS/index.php?acao=41&area=0901&item=1,ftp_dbc,sinan_datasus,Brazil DATASUS SINAN,http://siab.datasus.gov.br/DATASUS/index.php?acao=41&area=0901&item=1,ftp_dbc
disease,D187,rabies-post-exposure-prophylaxis,Rabies post-exposure prophylaxis,BR,Brazil,D187,Rabies post-exposure prophylaxis,狂犬病暴露后处置,Other,2013-10-01,2013-10,53633,12514.366666666667,0,,missing_population,,2006-01-01,2025-05-01,2026-06-01T00:00:00+00:00,sinan_datasus,Brazil DATASUS SINAN,http://siab.datasus.gov.br/DATASUS/index.php?acao=41&area=0901&item=1,ftp_dbc,sinan_datasus,Brazil DATASUS SINAN,http://siab.datasus.gov.br/DATASUS/index.php?acao=41&area=0901&item=1,ftp_dbc
disease,D187,rabies-post-exposure-prophylaxis,Rabies post-exposure prophylaxis,BR,Brazil,D187,Rabies post-exposure prophylaxis,狂犬病暴露后处置,Other,2013-11-01,2013-11,50270,11351.290322580644,0,,missing_population,,2006-01-01,2025-05-01,2026-06-01T00:00:00+00:00,sinan_datasus,Brazil DATASUS SINAN,http://siab.datasus.gov.br/DATASUS/index.php?acao=41&area=0901&item=1,ftp_dbc,sinan_datasus,Brazil DATASUS SINAN,http://siab.datasus.gov.br/DATASUS/index.php?acao=41&area=0901&item=1,ftp_dbc
disease,D187,rabies-post-exposure-prophylaxis,Rabies post-exposure prophylaxis,BR,Brazil,D187,Rabies post-exposure prophylaxis,狂犬病暴露后处置,Other,2013-12-01,2013-12,52275,12197.5,0,,missing_population,,2006-01-01,2025-05-01,2026-06-01T00:00:00+00:00,sinan_datasus,Brazil DATASUS SINAN,http://siab.datasus.gov.br/DATASUS/index.php?acao=41&area=0901&item=1,ftp_dbc,sinan_datasus,Brazil DATASUS SINAN,http://siab.datasus.gov.br/DATASUS/index.php?acao=41&area=0901&item=1,ftp_dbc
disease,D187,rabies-post-exposure-prophylaxis,Rabies post-exposure prophylaxis,BR,Brazil,D187,Rabies post-exposure prophylaxis,狂犬病暴露后处置,Other,2014-01-01,2014-01,57918,13078.258064516129,0,,missing_population,,2006-01-01,2025-05-01,2026-06-01T00:00:00+00:00,sinan_datasus,Brazil DATASUS SINAN,http://siab.datasus.gov.br/DATASUS/index.php?acao=41&area=0901&item=1,ftp_dbc,sinan_datasus,Brazil DATASUS SINAN,http://siab.datasus.gov.br/DATASUS/index.php?acao=41&area=0901&item=1,ftp_dbc
disease,D187,rabies-post-exposure-prophylaxis,Rabies post-exposure prophylaxis,BR,Brazil,D187,Rabies post-exposure prophylaxis,狂犬病暴露后处置,Other,2014-02-01,2014-02,50163,11327.129032258064,0,,missing_population,,2006-01-01,2025-05-01,2026-06-01T00:00:00+00:00,sinan_datasus,Brazil DATASUS SINAN,http://siab.datasus.gov.br/DATASUS/index.php?acao=41&area=0901&item=1,ftp_dbc,sinan_datasus,Brazil DATASUS SINAN,http://siab.datasus.gov.br/DATASUS/index.php?acao=41&area=0901&item=1,ftp_dbc
disease,D187,rabies-post-exposure-prophylaxis,Rabies post-exposure prophylaxis,BR,Brazil,D187,Rabies post-exposure prophylaxis,狂犬病暴露后处置,Other,2014-03-01,2014-03,51035,12758.75,0,,missing_population,,2006-01-01,2025-05-01,2026-06-01T00:00:00+00:00,sinan_datasus,Brazil DATASUS SINAN,http://siab.datasus.gov.br/DATASUS/index.php?acao=41&area=0901&item=1,ftp_dbc,sinan_datasus,Brazil DATASUS SINAN,http://siab.datasus.gov.br/DATASUS/index.php?acao=41&area=0901&item=1,ftp_dbc
disease,D187,rabies-post-exposure-prophylaxis,Rabies post-exposure prophylaxis,BR,Brazil,D187,Rabies post-exposure prophylaxis,狂犬病暴露后处置,Other,2014-04-01,2014-04,49616,11203.612903225807,0,,missing_population,,2006-01-01,2025-05-01,2026-06-01T00:00:00+00:00,sinan_datasus,Brazil DATASUS SINAN,http://siab.datasus.gov.br/DATASUS/index.php?acao=41&area=0901&item=1,ftp_dbc,sinan_datasus,Brazil DATASUS SINAN,http://siab.datasus.gov.br/DATASUS/index.php?acao=41&area=0901&item=1,ftp_dbc
disease,D187,rabies-post-exposure-prophylaxis,Rabies post-exposure prophylaxis,BR,Brazil,D187,Rabies post-exposure prophylaxis,狂犬病暴露后处置,Other,2014-05-01,2014-05,49972,11660.133333333333,0,,missing_population,,2006-01-01,2025-05-01,2026-06-01T00:00:00+00:00,sinan_datasus,Brazil DATASUS SINAN,http://siab.datasus.gov.br/DATASUS/index.php?acao=41&area=0901&item=1,ftp_dbc,sinan_datasus,Brazil DATASUS SINAN,http://siab.datasus.gov.br/DATASUS/index.php?acao=41&area=0901&item=1,ftp_dbc
disease,D187,rabies-post-exposure-prophylaxis,Rabies post-exposure prophylaxis,BR,Brazil,D187,Rabies post-exposure prophylaxis,狂犬病暴露后处置,Other,2014-06-01,2014-06,49517,11181.258064516129,0,,missing_population,,2006-01-01,2025-05-01,2026-06-01T00:00:00+00:00,sinan_datasus,Brazil DATASUS SINAN,http://siab.datasus.gov.br/DATASUS/index.php?acao=41&area=0901&item=1,ftp_dbc,sinan_datasus,Brazil DATASUS SINAN,http://siab.datasus.gov.br/DATASUS/index.php?acao=41&area=0901&item=1,ftp_dbc
disease,D187,rabies-post-exposure-prophylaxis,Rabies post-exposure prophylaxis,BR,Brazil,D187,Rabies post-exposure prophylaxis,狂犬病暴露后处置,Other,2014-07-01,2014-07,53835,12561.5,0,,missing_population,,2006-01-01,2025-05-01,2026-06-01T00:00:00+00:00,sinan_datasus,Brazil DATASUS SINAN,http://siab.datasus.gov.br/DATASUS/index.php?acao=41&area=0901&item=1,ftp_dbc,sinan_datasus,Brazil DATASUS SINAN,http://siab.datasus.gov.br/DATASUS/index.php?acao=41&area=0901&item=1,ftp_dbc
disease,D187,rabies-post-exposure-prophylaxis,Rabies post-exposure prophylaxis,BR,Brazil,D187,Rabies post-exposure prophylaxis,狂犬病暴露后处置,Other,2014-08-01,2014-08,53323,12040.677419354837,0,,missing_population,,2006-01-01,2025-05-01,2026-06-01T00:00:00+00:00,sinan_datasus,Brazil DATASUS SINAN,http://siab.datasus.gov.br/DATASUS/index.php?acao=41&area=0901&item=1,ftp_dbc,sinan_datasus,Brazil DATASUS SINAN,http://siab.datasus.gov.br/DATASUS/index.php?acao=41&area=0901&item=1,ftp_dbc
disease,D187,rabies-post-exposure-prophylaxis,Rabies post-exposure prophylaxis,BR,Brazil,D187,Rabies post-exposure prophylaxis,狂犬病暴露后处置,Other,2014-09-01,2014-09,53864,12162.838709677419,0,,missing_population,,2006-01-01,2025-05-01,2026-06-01T00:00:00+00:00,sinan_datasus,Brazil DATASUS SINAN,http://siab.datasus.gov.br/DATASUS/index.php?acao=41&area=0901&item=1,ftp_dbc,sinan_datasus,Brazil DATASUS SINAN,http://siab.datasus.gov.br/DATASUS/index.php?acao=41&area=0901&item=1,ftp_dbc
disease,D187,rabies-post-exposure-prophylaxis,Rabies post-exposure prophylaxis,BR,Brazil,D187,Rabies post-exposure prophylaxis,狂犬病暴露后处置,Other,2014-10-01,2014-10,53827,12559.633333333333,0,,missing_population,,2006-01-01,2025-05-01,2026-06-01T00:00:00+00:00,sinan_datasus,Brazil DATASUS SINAN,http://siab.datasus.gov.br/DATASUS/index.php?acao=41&area=0901&item=1,ftp_dbc,sinan_datasus,Brazil DATASUS SINAN,http://siab.datasus.gov.br/DATASUS/index.php?acao=41&area=0901&item=1,ftp_dbc
disease,D187,rabies-post-exposure-prophylaxis,Rabies post-exposure prophylaxis,BR,Brazil,D187,Rabies post-exposure prophylaxis,狂犬病暴露后处置,Other,2014-11-01,2014-11,50165,11327.58064516129,0,,missing_population,,2006-01-01,2025-05-01,2026-06-01T00:00:00+00:00,sinan_datasus,Brazil DATASUS SINAN,http://siab.datasus.gov.br/DATASUS/index.php?acao=41&area=0901&item=1,ftp_dbc,sinan_datasus,Brazil DATASUS SINAN,http://siab.datasus.gov.br/DATASUS/index.php?acao=41&area=0901&item=1,ftp_dbc
disease,D187,rabies-post-exposure-prophylaxis,Rabies post-exposure prophylaxis,BR,Brazil,D187,Rabies post-exposure prophylaxis,狂犬病暴露后处置,Other,2014-12-01,2014-12,51196,11945.733333333334,0,,missing_population,,2006-01-01,2025-05-01,2026-06-01T00:00:00+00:00,sinan_datasus,Brazil DATASUS SINAN,http://siab.datasus.gov.br/DATASUS/index.php?acao=41&area=0901&item=1,ftp_dbc,sinan_datasus,Brazil DATASUS SINAN,http://siab.datasus.gov.br/DATASUS/index.php?acao=41&area=0901&item=1,ftp_dbc
disease,D187,rabies-post-exposure-prophylaxis,Rabies post-exposure prophylaxis,BR,Brazil,D187,Rabies post-exposure prophylaxis,狂犬病暴露后处置,Other,2016-01-01,2016-01,53328,942.6666666666666,0,,missing_population,,2006-01-01,2025-05-01,2026-06-01T00:00:00+00:00,sinan_datasus,Brazil DATASUS SINAN,http://siab.datasus.gov.br/DATASUS/index.php?acao=41&area=0901&item=1,ftp_dbc,sinan_datasus,Brazil DATASUS SINAN,http://siab.datasus.gov.br/DATASUS/index.php?acao=41&area=0901&item=1,ftp_dbc
disease,D187,rabies-post-exposure-prophylaxis,Rabies post-exposure prophylaxis,BR,Brazil,D187,Rabies post-exposure prophylaxis,狂犬病暴露后处置,Other,2016-02-01,2016-02,49932,11274.967741935485,0,,missing_population,,2006-01-01,2025-05-01,2026-06-01T00:00:00+00:00,sinan_datasus,Brazil DATASUS SINAN,http://siab.datasus.gov.br/DATASUS/index.php?acao=41&area=0901&item=1,ftp_dbc,sinan_datasus,Brazil DATASUS SINAN,http://siab.datasus.gov.br/DATASUS/index.php?acao=41&area=0901&item=1,ftp_dbc
disease,D187,rabies-post-exposure-prophylaxis,Rabies post-exposure prophylaxis,BR,Brazil,D187,Rabies post-exposure prophylaxis,狂犬病暴露后处置,Other,2016-03-01,2016-03,49855,12033.96551724138,0,,missing_population,,2006-01-01,2025-05-01,2026-06-01T00:00:00+00:00,sinan_datasus,Brazil DATASUS SINAN,http://siab.datasus.gov.br/DATASUS/index.php?acao=41&area=0901&item=1,ftp_dbc,sinan_datasus,Brazil DATASUS SINAN,http://siab.datasus.gov.br/DATASUS/index.php?acao=41&area=0901&item=1,ftp_dbc
disease,D187,rabies-post-exposure-prophylaxis,Rabies post-exposure prophylaxis,BR,Brazil,D187,Rabies post-exposure prophylaxis,狂犬病暴露后处置,Other,2016-04-01,2016-04,47964,10830.58064516129,0,,missing_population,,2006-01-01,2025-05-01,2026-06-01T00:00:00+00:00,sinan_datasus,Brazil DATASUS SINAN,http://siab.datasus.gov.br/DATASUS/index.php?acao=41&area=0901&item=1,ftp_dbc,sinan_datasus,Brazil DATASUS SINAN,http://siab.datasus.gov.br/DATASUS/index.php?acao=41&area=0901&item=1,ftp_dbc
disease,D187,rabies-post-exposure-prophylaxis,Rabies post-exposure prophylaxis,BR,Brazil,D187,Rabies post-exposure prophylaxis,狂犬病暴露后处置,Other,2016-05-01,2016-05,46460,10840.666666666668,0,,missing_population,,2006-01-01,2025-05-01,2026-06-01T00:00:00+00:00,sinan_datasus,Brazil DATASUS SINAN,http://siab.datasus.gov.br/DATASUS/index.php?acao=41&area=0901&item=1,ftp_dbc,sinan_datasus,Brazil DATASUS SINAN,http://siab.datasus.gov.br/DATASUS/index.php?acao=41&area=0901&item=1,ftp_dbc
disease,D187,rabies-post-exposure-prophylaxis,Rabies post-exposure prophylaxis,BR,Brazil,D187,Rabies post-exposure prophylaxis,狂犬病暴露后处置,Other,2016-06-01,2016-06,48113,10864.225806451614,0,,missing_population,,2006-01-01,2025-05-01,2026-06-01T00:00:00+00:00,sinan_datasus,Brazil DATASUS SINAN,http://siab.datasus.gov.br/DATASUS/index.php?acao=41&area=0901&item=1,ftp_dbc,sinan_datasus,Brazil DATASUS SINAN,http://siab.datasus.gov.br/DATASUS/index.php?acao=41&area=0901&item=1,ftp_dbc
disease,D187,rabies-post-exposure-prophylaxis,Rabies post-exposure prophylaxis,BR,Brazil,D187,Rabies post-exposure prophylaxis,狂犬病暴露后处置,Other,2016-07-01,2016-07,52905,12344.5,0,,missing_population,,2006-01-01,2025-05-01,2026-06-01T00:00:00+00:00,sinan_datasus,Brazil DATASUS SINAN,http://siab.datasus.gov.br/DATASUS/index.php?acao=41&area=0901&item=1,ftp_dbc,sinan_datasus,Brazil DATASUS SINAN,http://siab.datasus.gov.br/DATASUS/index.php?acao=41&area=0901&item=1,ftp_dbc
disease,D187,rabies-post-exposure-prophylaxis,Rabies post-exposure prophylaxis,BR,Brazil,D187,Rabies post-exposure prophylaxis,狂犬病暴露后处置,Other,2016-08-01,2016-08,55089,12439.451612903225,0,,missing_population,,2006-01-01,2025-05-01,2026-06-01T00:00:00+00:00,sinan_datasus,Brazil DATASUS SINAN,http://siab.datasus.gov.br/DATASUS/index.php?acao=41&area=0901&item=1,ftp_dbc,sinan_datasus,Brazil DATASUS SINAN,http://siab.datasus.gov.br/DATASUS/index.php?acao=41&area=0901&item=1,ftp_dbc
disease,D187,rabies-post-exposure-prophylaxis,Rabies post-exposure prophylaxis,BR,Brazil,D187,Rabies post-exposure prophylaxis,狂犬病暴露后处置,Other,2016-09-01,2016-09,50885,11490.161290322581,0,,missing_population,,2006-01-01,2025-05-01,2026-06-01T00:00:00+00:00,sinan_datasus,Brazil DATASUS SINAN,http://siab.datasus.gov.br/DATASUS/index.php?acao=41&area=0901&item=1,ftp_dbc,sinan_datasus,Brazil DATASUS SINAN,http://siab.datasus.gov.br/DATASUS/index.php?acao=41&area=0901&item=1,ftp_dbc
disease,D187,rabies-post-exposure-prophylaxis,Rabies post-exposure prophylaxis,BR,Brazil,D187,Rabies post-exposure prophylaxis,狂犬病暴露后处置,Other,2016-10-01,2016-10,48945,11420.5,0,,missing_population,,2006-01-01,2025-05-01,2026-06-01T00:00:00+00:00,sinan_datasus,Brazil DATASUS SINAN,http://siab.datasus.gov.br/DATASUS/index.php?acao=41&area=0901&item=1,ftp_dbc,sinan_datasus,Brazil DATASUS SINAN,http://siab.datasus.gov.br/DATASUS/index.php?acao=41&area=0901&item=1,ftp_dbc
disease,D187,rabies-post-exposure-prophylaxis,Rabies post-exposure prophylaxis,BR,Brazil,D187,Rabies post-exposure prophylaxis,狂犬病暴露后处置,Other,2016-11-01,2016-11,48474,10945.741935483871,0,,missing_population,,2006-01-01,2025-05-01,2026-06-01T00:00:00+00:00,sinan_datasus,Brazil DATASUS SINAN,http://siab.datasus.gov.br/DATASUS/index.php?acao=41&area=0901&item=1,ftp_dbc,sinan_datasus,Brazil DATASUS SINAN,http://siab.datasus.gov.br/DATASUS/index.php?acao=41&area=0901&item=1,ftp_dbc
disease,D187,rabies-post-exposure-prophylaxis,Rabies post-exposure prophylaxis,BR,Brazil,D187,Rabies post-exposure prophylaxis,狂犬病暴露后处置,Other,2016-12-01,2016-12,49778,11614.866666666667,0,,missing_population,,2006-01-01,2025-05-01,2026-06-01T00:00:00+00:00,sinan_datasus,Brazil DATASUS SINAN,http://siab.datasus.gov.br/DATASUS/index.php?acao=41&area=0901&item=1,ftp_dbc,sinan_datasus,Brazil DATASUS SINAN,http://siab.datasus.gov.br/DATASUS/index.php?acao=41&area=0901&item=1,ftp_dbc
disease,D187,rabies-post-exposure-prophylaxis,Rabies post-exposure prophylaxis,BR,Brazil,D187,Rabies post-exposure prophylaxis,狂犬病暴露后处置,Other,2018-01-01,2018-01,63225,1117.6136363636363,0,,missing_population,,2006-01-01,2025-05-01,2026-06-01T00:00:00+00:00,sinan_datasus,Brazil DATASUS SINAN,http://siab.datasus.gov.br/DATASUS/index.php?acao=41&area=0901&item=1,ftp_dbc,sinan_datasus,Brazil DATASUS SINAN,http://siab.datasus.gov.br/DATASUS/index.php?acao=41&area=0901&item=1,ftp_dbc
disease,D187,rabies-post-exposure-prophylaxis,Rabies post-exposure prophylaxis,BR,Brazil,D187,Rabies post-exposure prophylaxis,狂犬病暴露后处置,Other,2018-02-01,2018-02,51641,11660.870967741936,0,,missing_population,,2006-01-01,2025-05-01,2026-06-01T00:00:00+00:00,sinan_datasus,Brazil DATASUS SINAN,http://siab.datasus.gov.br/DATASUS/index.php?acao=41&area=0901&item=1,ftp_dbc,sinan_datasus,Brazil DATASUS SINAN,http://siab.datasus.gov.br/DATASUS/index.php?acao=41&area=0901&item=1,ftp_dbc
disease,D187,rabies-post-exposure-prophylaxis,Rabies post-exposure prophylaxis,BR,Brazil,D187,Rabies post-exposure prophylaxis,狂犬病暴露后处置,Other,2018-03-01,2018-03,57105,14276.25,0,,missing_population,,2006-01-01,2025-05-01,2026-06-01T00:00:00+00:00,sinan_datasus,Brazil DATASUS SINAN,http://siab.datasus.gov.br/DATASUS/index.php?acao=41&area=0901&item=1,ftp_dbc,sinan_datasus,Brazil DATASUS SINAN,http://siab.datasus.gov.br/DATASUS/index.php?acao=41&area=0901&item=1,ftp_dbc
disease,D187,rabies-post-exposure-prophylaxis,Rabies post-exposure prophylaxis,BR,Brazil,D187,Rabies post-exposure prophylaxis,狂犬病暴露后处置,Other,2018-04-01,2018-04,55216,12468.129032258064,0,,missing_population,,2006-01-01,2025-05-01,2026-06-01T00:00:00+00:00,sinan_datasus,Brazil DATASUS SINAN,http://siab.datasus.gov.br/DATASUS/index.php?acao=41&area=0901&item=1,ftp_dbc,sinan_datasus,Brazil DATASUS SINAN,http://siab.datasus.gov.br/DATASUS/index.php?acao=41&area=0901&item=1,ftp_dbc
disease,D187,rabies-post-exposure-prophylaxis,Rabies post-exposure prophylaxis,BR,Brazil,D187,Rabies post-exposure prophylaxis,狂犬病暴露后处置,Other,2018-05-01,2018-05,58406,13628.066666666666,0,,missing_population,,2006-01-01,2025-05-01,2026-06-01T00:00:00+00:00,sinan_datasus,Brazil DATASUS SINAN,http://siab.datasus.gov.br/DATASUS/index.php?acao=41&area=0901&item=1,ftp_dbc,sinan_datasus,Brazil DATASUS SINAN,http://siab.datasus.gov.br/DATASUS/index.php?acao=41&area=0901&item=1,ftp_dbc
disease,D187,rabies-post-exposure-prophylaxis,Rabies post-exposure prophylaxis,BR,Brazil,D187,Rabies post-exposure prophylaxis,狂犬病暴露后处置,Other,2018-06-01,2018-06,53983,12189.709677419356,0,,missing_population,,2006-01-01,2025-05-01,2026-06-01T00:00:00+00:00,sinan_datasus,Brazil DATASUS SINAN,http://siab.datasus.gov.br/DATASUS/index.php?acao=41&area=0901&item=1,ftp_dbc,sinan_datasus,Brazil DATASUS SINAN,http://siab.datasus.gov.br/DATASUS/index.php?acao=41&area=0901&item=1,ftp_dbc
disease,D187,rabies-post-exposure-prophylaxis,Rabies post-exposure prophylaxis,BR,Brazil,D187,Rabies post-exposure prophylaxis,狂犬病暴露后处置,Other,2018-07-01,2018-07,63514,14819.933333333332,0,,missing_population,,2006-01-01,2025-05-01,2026-06-01T00:00:00+00:00,sinan_datasus,Brazil DATASUS SINAN,http://siab.datasus.gov.br/DATASUS/index.php?acao=41&area=0901&item=1,ftp_dbc,sinan_datasus,Brazil DATASUS SINAN,http://siab.datasus.gov.br/DATASUS/index.php?acao=41&area=0901&item=1,ftp_dbc
disease,D187,rabies-post-exposure-prophylaxis,Rabies post-exposure prophylaxis,BR,Brazil,D187,Rabies post-exposure prophylaxis,狂犬病暴露后处置,Other,2018-08-01,2018-08,64387,14539.0,0,,missing_population,,2006-01-01,2025-05-01,2026-06-01T00:00:00+00:00,sinan_datasus,Brazil DATASUS SINAN,http://siab.datasus.gov.br/DATASUS/index.php?acao=41&area=0901&item=1,ftp_dbc,sinan_datasus,Brazil DATASUS SINAN,http://siab.datasus.gov.br/DATASUS/index.php?acao=41&area=0901&item=1,ftp_dbc
disease,D187,rabies-post-exposure-prophylaxis,Rabies post-exposure prophylaxis,BR,Brazil,D187,Rabies post-exposure prophylaxis,狂犬病暴露后处置,Other,2018-09-01,2018-09,63259,14284.290322580644,0,,missing_population,,2006-01-01,2025-05-01,2026-06-01T00:00:00+00:00,sinan_datasus,Brazil DATASUS SINAN,http://siab.datasus.gov.br/DATASUS/index.php?acao=41&area=0901&item=1,ftp_dbc,sinan_datasus,Brazil DATASUS SINAN,http://siab.datasus.gov.br/DATASUS/index.php?acao=41&area=0901&item=1,ftp_dbc
disease,D187,rabies-post-exposure-prophylaxis,Rabies post-exposure prophylaxis,BR,Brazil,D187,Rabies post-exposure prophylaxis,狂犬病暴露后处置,Other,2018-10-01,2018-10,63200,14746.666666666666,0,,missing_population,,2006-01-01,2025-05-01,2026-06-01T00:00:00+00:00,sinan_datasus,Brazil DATASUS SINAN,http://siab.datasus.gov.br/DATASUS/index.php?acao=41&area=0901&item=1,ftp_dbc,sinan_datasus,Brazil DATASUS SINAN,http://siab.datasus.gov.br/DATASUS/index.php?acao=41&area=0901&item=1,ftp_dbc
disease,D187,rabies-post-exposure-prophylaxis,Rabies post-exposure prophylaxis,BR,Brazil,D187,Rabies post-exposure prophylaxis,狂犬病暴露后处置,Other,2018-11-01,2018-11,59199,13367.51612903226,0,,missing_population,,2006-01-01,2025-05-01,2026-06-01T00:00:00+00:00,sinan_datasus,Brazil DATASUS SINAN,http://siab.datasus.gov.br/DATASUS/index.php?acao=41&area=0901&item=1,ftp_dbc,sinan_datasus,Brazil DATASUS SINAN,http://siab.datasus.gov.br/DATASUS/index.php?acao=41&area=0901&item=1,ftp_dbc
disease,D187,rabies-post-exposure-prophylaxis,Rabies post-exposure prophylaxis,BR,Brazil,D187,Rabies post-exposure prophylaxis,狂犬病暴露后处置,Other,2018-12-01,2018-12,61319,14307.766666666666,0,,missing_population,,2006-01-01,2025-05-01,2026-06-01T00:00:00+00:00,sinan_datasus,Brazil DATASUS SINAN,http://siab.datasus.gov.br/DATASUS/index.php?acao=41&area=0901&item=1,ftp_dbc,sinan_datasus,Brazil DATASUS SINAN,http://siab.datasus.gov.br/DATASUS/index.php?acao=41&area=0901&item=1,ftp_dbc
disease,D187,rabies-post-exposure-prophylaxis,Rabies post-exposure prophylaxis,BR,Brazil,D187,Rabies post-exposure prophylaxis,狂犬病暴露后处置,Other,2019-01-01,2019-01,66654,15050.90322580645,0,,missing_population,,2006-01-01,2025-05-01,2026-06-01T00:00:00+00:00,sinan_datasus,Brazil DATASUS SINAN,http://siab.datasus.gov.br/DATASUS/index.php?acao=41&area=0901&item=1,ftp_dbc,sinan_datasus,Brazil DATASUS SINAN,http://siab.datasus.gov.br/DATASUS/index.php?acao=41&area=0901&item=1,ftp_dbc
disease,D187,rabies-post-exposure-prophylaxis,Rabies post-exposure prophylaxis,BR,Brazil,D187,Rabies post-exposure prophylaxis,狂犬病暴露后处置,Other,2019-02-01,2019-02,57339,12947.51612903226,0,,missing_population,,2006-01-01,2025-05-01,2026-06-01T00:00:00+00:00,sinan_datasus,Brazil DATASUS SINAN,http://siab.datasus.gov.br/DATASUS/index.php?acao=41&area=0901&item=1,ftp_dbc,sinan_datasus,Brazil DATASUS SINAN,http://siab.datasus.gov.br/DATASUS/index.php?acao=41&area=0901&item=1,ftp_dbc
disease,D187,rabies-post-exposure-prophylaxis,Rabies post-exposure prophylaxis,BR,Brazil,D187,Rabies post-exposure prophylaxis,狂犬病暴露后处置,Other,2019-03-01,2019-03,58077,14519.25,0,,missing_population,,2006-01-01,2025-05-01,2026-06-01T00:00:00+00:00,sinan_datasus,Brazil DATASUS SINAN,http://siab.datasus.gov.br/DATASUS/index.php?acao=41&area=0901&item=1,ftp_dbc,sinan_datasus,Brazil DATASUS SINAN,http://siab.datasus.gov.br/DATASUS/index.php?acao=41&area=0901&item=1,ftp_dbc
disease,D187,rabies-post-exposure-prophylaxis,Rabies post-exposure prophylaxis,BR,Brazil,D187,Rabies post-exposure prophylaxis,狂犬病暴露后处置,Other,2019-04-01,2019-04,57663,13020.677419354837,0,,missing_population,,2006-01-01,2025-05-01,2026-06-01T00:00:00+00:00,sinan_datasus,Brazil DATASUS SINAN,http://siab.datasus.gov.br/DATASUS/index.php?acao=41&area=0901&item=1,ftp_dbc,sinan_datasus,Brazil DATASUS SINAN,http://siab.datasus.gov.br/DATASUS/index.php?acao=41&area=0901&item=1,ftp_dbc
disease,D187,rabies-post-exposure-prophylaxis,Rabies post-exposure prophylaxis,BR,Brazil,D187,Rabies post-exposure prophylaxis,狂犬病暴露后处置,Other,2019-05-01,2019-05,59824,13958.933333333334,0,,missing_population,,2006-01-01,2025-05-01,2026-06-01T00:00:00+00:00,sinan_datasus,Brazil DATASUS SINAN,http://siab.datasus.gov.br/DATASUS/index.php?acao=41&area=0901&item=1,ftp_dbc,sinan_datasus,Brazil DATASUS SINAN,http://siab.datasus.gov.br/DATASUS/index.php?acao=41&area=0901&item=1,ftp_dbc
disease,D187,rabies-post-exposure-prophylaxis,Rabies post-exposure prophylaxis,BR,Brazil,D187,Rabies post-exposure prophylaxis,狂犬病暴露后处置,Other,2019-06-01,2019-06,55019,12423.645161290322,0,,missing_population,,2006-01-01,2025-05-01,2026-06-01T00:00:00+00:00,sinan_datasus,Brazil DATASUS SINAN,http://siab.datasus.gov.br/DATASUS/index.php?acao=41&area=0901&item=1,ftp_dbc,sinan_datasus,Brazil DATASUS SINAN,http://siab.datasus.gov.br/DATASUS/index.php?acao=41&area=0901&item=1,ftp_dbc
disease,D187,rabies-post-exposure-prophylaxis,Rabies post-exposure prophylaxis,BR,Brazil,D187,Rabies post-exposure prophylaxis,狂犬病暴露后处置,Other,2019-07-01,2019-07,63487,14813.633333333331,0,,missing_population,,2006-01-01,2025-05-01,2026-06-01T00:00:00+00:00,sinan_datasus,Brazil DATASUS SINAN,http://siab.datasus.gov.br/DATASUS/index.php?acao=41&area=0901&item=1,ftp_dbc,sinan_datasus,Brazil DATASUS SINAN,http://siab.datasus.gov.br/DATASUS/index.php?acao=41&area=0901&item=1,ftp_dbc
disease,D187,rabies-post-exposure-prophylaxis,Rabies post-exposure prophylaxis,BR,Brazil,D187,Rabies post-exposure prophylaxis,狂犬病暴露后处置,Other,2019-08-01,2019-08,65529,14796.870967741936,0,,missing_population,,2006-01-01,2025-05-01,2026-06-01T00:00:00+00:00,sinan_datasus,Brazil DATASUS SINAN,http://siab.datasus.gov.br/DATASUS/index.php?acao=41&area=0901&item=1,ftp_dbc,sinan_datasus,Brazil DATASUS SINAN,http://siab.datasus.gov.br/DATASUS/index.php?acao=41&area=0901&item=1,ftp_dbc
disease,D187,rabies-post-exposure-prophylaxis,Rabies post-exposure prophylaxis,BR,Brazil,D187,Rabies post-exposure prophylaxis,狂犬病暴露后处置,Other,2019-09-01,2019-09,65395,14766.612903225807,0,,missing_population,,2006-01-01,2025-05-01,2026-06-01T00:00:00+00:00,sinan_datasus,Brazil DATASUS SINAN,http://siab.datasus.gov.br/DATASUS/index.php?acao=41&area=0901&item=1,ftp_dbc,sinan_datasus,Brazil DATASUS SINAN,http://siab.datasus.gov.br/DATASUS/index.php?acao=41&area=0901&item=1,ftp_dbc
disease,D187,rabies-post-exposure-prophylaxis,Rabies post-exposure prophylaxis,BR,Brazil,D187,Rabies post-exposure prophylaxis,狂犬病暴露后处置,Other,2019-10-01,2019-10,66082,15419.133333333331,0,,missing_population,,2006-01-01,2025-05-01,2026-06-01T00:00:00+00:00,sinan_datasus,Brazil DATASUS SINAN,http://siab.datasus.gov.br/DATASUS/index.php?acao=41&area=0901&item=1,ftp_dbc,sinan_datasus,Brazil DATASUS SINAN,http://siab.datasus.gov.br/DATASUS/index.php?acao=41&area=0901&item=1,ftp_dbc
disease,D187,rabies-post-exposure-prophylaxis,Rabies post-exposure prophylaxis,BR,Brazil,D187,Rabies post-exposure prophylaxis,狂犬病暴露后处置,Other,2019-11-01,2019-11,61137,13805.129032258064,0,,missing_population,,2006-01-01,2025-05-01,2026-06-01T00:00:00+00:00,sinan_datasus,Brazil DATASUS SINAN,http://siab.datasus.gov.br/DATASUS/index.php?acao=41&area=0901&item=1,ftp_dbc,sinan_datasus,Brazil DATASUS SINAN,http://siab.datasus.gov.br/DATASUS/index.php?acao=41&area=0901&item=1,ftp_dbc
disease,D187,rabies-post-exposure-prophylaxis,Rabies post-exposure prophylaxis,BR,Brazil,D187,Rabies post-exposure prophylaxis,狂犬病暴露后处置,Other,2019-12-01,2019-12,62053,14479.033333333333,0,,missing_population,,2006-01-01,2025-05-01,2026-06-01T00:00:00+00:00,sinan_datasus,Brazil DATASUS SINAN,http://siab.datasus.gov.br/DATASUS/index.php?acao=41&area=0901&item=1,ftp_dbc,sinan_datasus,Brazil DATASUS SINAN,http://siab.datasus.gov.br/DATASUS/index.php?acao=41&area=0901&item=1,ftp_dbc
disease,D187,rabies-post-exposure-prophylaxis,Rabies post-exposure prophylaxis,BR,Brazil,D187,Rabies post-exposure prophylaxis,狂犬病暴露后处置,Other,2021-01-01,2021-01,49131,866.2896725440806,0,,missing_population,,2006-01-01,2025-05-01,2026-06-01T00:00:00+00:00,sinan_datasus,Brazil DATASUS SINAN,http://siab.datasus.gov.br/DATASUS/index.php?acao=41&area=0901&item=1,ftp_dbc,sinan_datasus,Brazil DATASUS SINAN,http://siab.datasus.gov.br/DATASUS/index.php?acao=41&area=0901&item=1,ftp_dbc
disease,D187,rabies-post-exposure-prophylaxis,Rabies post-exposure prophylaxis,BR,Brazil,D187,Rabies post-exposure prophylaxis,狂犬病暴露后处置,Other,2021-02-01,2021-02,45254,10218.645161290322,0,,missing_population,,2006-01-01,2025-05-01,2026-06-01T00:00:00+00:00,sinan_datasus,Brazil DATASUS SINAN,http://siab.datasus.gov.br/DATASUS/index.php?acao=41&area=0901&item=1,ftp_dbc,sinan_datasus,Brazil DATASUS SINAN,http://siab.datasus.gov.br/DATASUS/index.php?acao=41&area=0901&item=1,ftp_dbc
disease,D187,rabies-post-exposure-prophylaxis,Rabies post-exposure prophylaxis,BR,Brazil,D187,Rabies post-exposure prophylaxis,狂犬病暴露后处置,Other,2021-03-01,2021-03,46354,11588.5,0,,missing_population,,2006-01-01,2025-05-01,2026-06-01T00:00:00+00:00,sinan_datasus,Brazil DATASUS SINAN,http://siab.datasus.gov.br/DATASUS/index.php?acao=41&area=0901&item=1,ftp_dbc,sinan_datasus,Brazil DATASUS SINAN,http://siab.datasus.gov.br/DATASUS/index.php?acao=41&area=0901&item=1,ftp_dbc
disease,D187,rabies-post-exposure-prophylaxis,Rabies post-exposure prophylaxis,BR,Brazil,D187,Rabies post-exposure prophylaxis,狂犬病暴露后处置,Other,2021-04-01,2021-04,45109,10185.903225806453,0,,missing_population,,2006-01-01,2025-05-01,2026-06-01T00:00:00+00:00,sinan_datasus,Brazil DATASUS SINAN,http://siab.datasus.gov.br/DATASUS/index.php?acao=41&area=0901&item=1,ftp_dbc,sinan_datasus,Brazil DATASUS SINAN,http://siab.datasus.gov.br/DATASUS/index.php?acao=41&area=0901&item=1,ftp_dbc
disease,D187,rabies-post-exposure-prophylaxis,Rabies post-exposure prophylaxis,BR,Brazil,D187,Rabies post-exposure prophylaxis,狂犬病暴露后处置,Other,2021-05-01,2021-05,48649,11351.433333333334,0,,missing_population,,2006-01-01,2025-05-01,2026-06-01T00:00:00+00:00,sinan_datasus,Brazil DATASUS SINAN,http://siab.datasus.gov.br/DATASUS/index.php?acao=41&area=0901&item=1,ftp_dbc,sinan_datasus,Brazil DATASUS SINAN,http://siab.datasus.gov.br/DATASUS/index.php?acao=41&area=0901&item=1,ftp_dbc
disease,D187,rabies-post-exposure-prophylaxis,Rabies post-exposure prophylaxis,BR,Brazil,D187,Rabies post-exposure prophylaxis,狂犬病暴露后处置,Other,2021-06-01,2021-06,48275,10900.806451612903,0,,missing_population,,2006-01-01,2025-05-01,2026-06-01T00:00:00+00:00,sinan_datasus,Brazil DATASUS SINAN,http://siab.datasus.gov.br/DATASUS/index.php?acao=41&area=0901&item=1,ftp_dbc,sinan_datasus,Brazil DATASUS SINAN,http://siab.datasus.gov.br/DATASUS/index.php?acao=41&area=0901&item=1,ftp_dbc
disease,D187,rabies-post-exposure-prophylaxis,Rabies post-exposure prophylaxis,BR,Brazil,D187,Rabies post-exposure prophylaxis,狂犬病暴露后处置,Other,2021-07-01,2021-07,54364,12684.933333333334,0,,missing_population,,2006-01-01,2025-05-01,2026-06-01T00:00:00+00:00,sinan_datasus,Brazil DATASUS SINAN,http://siab.datasus.gov.br/DATASUS/index.php?acao=41&area=0901&item=1,ftp_dbc,sinan_datasus,Brazil DATASUS SINAN,http://siab.datasus.gov.br/DATASUS/index.php?acao=41&area=0901&item=1,ftp_dbc
disease,D187,rabies-post-exposure-prophylaxis,Rabies post-exposure prophylaxis,BR,Brazil,D187,Rabies post-exposure prophylaxis,狂犬病暴露后处置,Other,2021-08-01,2021-08,59095,13344.032258064515,0,,missing_population,,2006-01-01,2025-05-01,2026-06-01T00:00:00+00:00,sinan_datasus,Brazil DATASUS SINAN,http://siab.datasus.gov.br/DATASUS/index.php?acao=41&area=0901&item=1,ftp_dbc,sinan_datasus,Brazil DATASUS SINAN,http://siab.datasus.gov.br/DATASUS/index.php?acao=41&area=0901&item=1,ftp_dbc
disease,D187,rabies-post-exposure-prophylaxis,Rabies post-exposure prophylaxis,BR,Brazil,D187,Rabies post-exposure prophylaxis,狂犬病暴露后处置,Other,2021-09-01,2021-09,58218,13146.0,0,,missing_population,,2006-01-01,2025-05-01,2026-06-01T00:00:00+00:00,sinan_datasus,Brazil DATASUS SINAN,http://siab.datasus.gov.br/DATASUS/index.php?acao=41&area=0901&item=1,ftp_dbc,sinan_datasus,Brazil DATASUS SINAN,http://siab.datasus.gov.br/DATASUS/index.php?acao=41&area=0901&item=1,ftp_dbc
disease,D187,rabies-post-exposure-prophylaxis,Rabies post-exposure prophylaxis,BR,Brazil,D187,Rabies post-exposure prophylaxis,狂犬病暴露后处置,Other,2021-10-01,2021-10,57204,13347.6,0,,missing_population,,2006-01-01,2025-05-01,2026-06-01T00:00:00+00:00,sinan_datasus,Brazil DATASUS SINAN,http://siab.datasus.gov.br/DATASUS/index.php?acao=41&area=0901&item=1,ftp_dbc,sinan_datasus,Brazil DATASUS SINAN,http://siab.datasus.gov.br/DATASUS/index.php?acao=41&area=0901&item=1,ftp_dbc
disease,D187,rabies-post-exposure-prophylaxis,Rabies post-exposure prophylaxis,BR,Brazil,D187,Rabies post-exposure prophylaxis,狂犬病暴露后处置,Other,2021-11-01,2021-11,58584,13228.645161290322,0,,missing_population,,2006-01-01,2025-05-01,2026-06-01T00:00:00+00:00,sinan_datasus,Brazil DATASUS SINAN,http://siab.datasus.gov.br/DATASUS/index.php?acao=41&area=0901&item=1,ftp_dbc,sinan_datasus,Brazil DATASUS SINAN,http://siab.datasus.gov.br/DATASUS/index.php?acao=41&area=0901&item=1,ftp_dbc
disease,D187,rabies-post-exposure-prophylaxis,Rabies post-exposure prophylaxis,BR,Brazil,D187,Rabies post-exposure prophylaxis,狂犬病暴露后处置,Other,2021-12-01,2021-12,54915,12813.5,0,,missing_population,,2006-01-01,2025-05-01,2026-06-01T00:00:00+00:00,sinan_datasus,Brazil DATASUS SINAN,http://siab.datasus.gov.br/DATASUS/index.php?acao=41&area=0901&item=1,ftp_dbc,sinan_datasus,Brazil DATASUS SINAN,http://siab.datasus.gov.br/DATASUS/index.php?acao=41&area=0901&item=1,ftp_dbc
disease,D187,rabies-post-exposure-prophylaxis,Rabies post-exposure prophylaxis,BR,Brazil,D187,Rabies post-exposure prophylaxis,狂犬病暴露后处置,Other,2022-01-01,2022-01,49726,11228.451612903225,0,,missing_population,,2006-01-01,2025-05-01,2026-06-01T00:00:00+00:00,sinan_datasus,Brazil DATASUS SINAN,http://siab.datasus.gov.br/DATASUS/index.php?acao=41&area=0901&item=1,ftp_dbc,sinan_datasus,Brazil DATASUS SINAN,http://siab.datasus.gov.br/DATASUS/index.php?acao=41&area=0901&item=1,ftp_dbc
disease,D187,rabies-post-exposure-prophylaxis,Rabies post-exposure prophylaxis,BR,Brazil,D187,Rabies post-exposure prophylaxis,狂犬病暴露后处置,Other,2022-02-01,2022-02,50108,11314.709677419356,0,,missing_population,,2006-01-01,2025-05-01,2026-06-01T00:00:00+00:00,sinan_datasus,Brazil DATASUS SINAN,http://siab.datasus.gov.br/DATASUS/index.php?acao=41&area=0901&item=1,ftp_dbc,sinan_datasus,Brazil DATASUS SINAN,http://siab.datasus.gov.br/DATASUS/index.php?acao=41&area=0901&item=1,ftp_dbc
disease,D187,rabies-post-exposure-prophylaxis,Rabies post-exposure prophylaxis,BR,Brazil,D187,Rabies post-exposure prophylaxis,狂犬病暴露后处置,Other,2022-03-01,2022-03,57743,14435.75,0,,missing_population,,2006-01-01,2025-05-01,2026-06-01T00:00:00+00:00,sinan_datasus,Brazil DATASUS SINAN,http://siab.datasus.gov.br/DATASUS/index.php?acao=41&area=0901&item=1,ftp_dbc,sinan_datasus,Brazil DATASUS SINAN,http://siab.datasus.gov.br/DATASUS/index.php?acao=41&area=0901&item=1,ftp_dbc
disease,D187,rabies-post-exposure-prophylaxis,Rabies post-exposure prophylaxis,BR,Brazil,D187,Rabies post-exposure prophylaxis,狂犬病暴露后处置,Other,2022-04-01,2022-04,53462,12072.064516129032,0,,missing_population,,2006-01-01,2025-05-01,2026-06-01T00:00:00+00:00,sinan_datasus,Brazil DATASUS SINAN,http://siab.datasus.gov.br/DATASUS/index.php?acao=41&area=0901&item=1,ftp_dbc,sinan_datasus,Brazil DATASUS SINAN,http://siab.datasus.gov.br/DATASUS/index.php?acao=41&area=0901&item=1,ftp_dbc
disease,D187,rabies-post-exposure-prophylaxis,Rabies post-exposure prophylaxis,BR,Brazil,D187,Rabies post-exposure prophylaxis,狂犬病暴露后处置,Other,2022-05-01,2022-05,56122,13095.133333333333,0,,missing_population,,2006-01-01,2025-05-01,2026-06-01T00:00:00+00:00,sinan_datasus,Brazil DATASUS SINAN,http://siab.datasus.gov.br/DATASUS/index.php?acao=41&area=0901&item=1,ftp_dbc,sinan_datasus,Brazil DATASUS SINAN,http://siab.datasus.gov.br/DATASUS/index.php?acao=41&area=0901&item=1,ftp_dbc
disease,D187,rabies-post-exposure-prophylaxis,Rabies post-exposure prophylaxis,BR,Brazil,D187,Rabies post-exposure prophylaxis,狂犬病暴露后处置,Other,2022-06-01,2022-06,51523,11634.225806451614,0,,missing_population,,2006-01-01,2025-05-01,2026-06-01T00:00:00+00:00,sinan_datasus,Brazil DATASUS SINAN,http://siab.datasus.gov.br/DATASUS/index.php?acao=41&area=0901&item=1,ftp_dbc,sinan_datasus,Brazil DATASUS SINAN,http://siab.datasus.gov.br/DATASUS/index.php?acao=41&area=0901&item=1,ftp_dbc
disease,D187,rabies-post-exposure-prophylaxis,Rabies post-exposure prophylaxis,BR,Brazil,D187,Rabies post-exposure prophylaxis,狂犬病暴露后处置,Other,2022-07-01,2022-07,58287,13600.300000000001,0,,missing_population,,2006-01-01,2025-05-01,2026-06-01T00:00:00+00:00,sinan_datasus,Brazil DATASUS SINAN,http://siab.datasus.gov.br/DATASUS/index.php?acao=41&area=0901&item=1,ftp_dbc,sinan_datasus,Brazil DATASUS SINAN,http://siab.datasus.gov.br/DATASUS/index.php?acao=41&area=0901&item=1,ftp_dbc
disease,D187,rabies-post-exposure-prophylaxis,Rabies post-exposure prophylaxis,BR,Brazil,D187,Rabies post-exposure prophylaxis,狂犬病暴露后处置,Other,2022-08-01,2022-08,62434,14098.0,0,,missing_population,,2006-01-01,2025-05-01,2026-06-01T00:00:00+00:00,sinan_datasus,Brazil DATASUS SINAN,http://siab.datasus.gov.br/DATASUS/index.php?acao=41&area=0901&item=1,ftp_dbc,sinan_datasus,Brazil DATASUS SINAN,http://siab.datasus.gov.br/DATASUS/index.php?acao=41&area=0901&item=1,ftp_dbc
disease,D187,rabies-post-exposure-prophylaxis,Rabies post-exposure prophylaxis,BR,Brazil,D187,Rabies post-exposure prophylaxis,狂犬病暴露后处置,Other,2022-09-01,2022-09,58353,13176.48387096774,0,,missing_population,,2006-01-01,2025-05-01,2026-06-01T00:00:00+00:00,sinan_datasus,Brazil DATASUS SINAN,http://siab.datasus.gov.br/DATASUS/index.php?acao=41&area=0901&item=1,ftp_dbc,sinan_datasus,Brazil DATASUS SINAN,http://siab.datasus.gov.br/DATASUS/index.php?acao=41&area=0901&item=1,ftp_dbc
disease,D187,rabies-post-exposure-prophylaxis,Rabies post-exposure prophylaxis,BR,Brazil,D187,Rabies post-exposure prophylaxis,狂犬病暴露后处置,Other,2022-10-01,2022-10,59550,13895.0,0,,missing_population,,2006-01-01,2025-05-01,2026-06-01T00:00:00+00:00,sinan_datasus,Brazil DATASUS SINAN,http://siab.datasus.gov.br/DATASUS/index.php?acao=41&area=0901&item=1,ftp_dbc,sinan_datasus,Brazil DATASUS SINAN,http://siab.datasus.gov.br/DATASUS/index.php?acao=41&area=0901&item=1,ftp_dbc
disease,D187,rabies-post-exposure-prophylaxis,Rabies post-exposure prophylaxis,BR,Brazil,D187,Rabies post-exposure prophylaxis,狂犬病暴露后处置,Other,2022-11-01,2022-11,56168,12683.096774193547,0,,missing_population,,2006-01-01,2025-05-01,2026-06-01T00:00:00+00:00,sinan_datasus,Brazil DATASUS SINAN,http://siab.datasus.gov.br/DATASUS/index.php?acao=41&area=0901&item=1,ftp_dbc,sinan_datasus,Brazil DATASUS SINAN,http://siab.datasus.gov.br/DATASUS/index.php?acao=41&area=0901&item=1,ftp_dbc
disease,D187,rabies-post-exposure-prophylaxis,Rabies post-exposure prophylaxis,BR,Brazil,D187,Rabies post-exposure prophylaxis,狂犬病暴露后处置,Other,2022-12-01,2022-12,57668,13455.866666666667,0,,missing_population,,2006-01-01,2025-05-01,2026-06-01T00:00:00+00:00,sinan_datasus,Brazil DATASUS SINAN,http://siab.datasus.gov.br/DATASUS/index.php?acao=41&area=0901&item=1,ftp_dbc,sinan_datasus,Brazil DATASUS SINAN,http://siab.datasus.gov.br/DATASUS/index.php?acao=41&area=0901&item=1,ftp_dbc
disease,D187,rabies-post-exposure-prophylaxis,Rabies post-exposure prophylaxis,BR,Brazil,D187,Rabies post-exposure prophylaxis,狂犬病暴露后处置,Other,2023-01-01,2023-01,64430,14548.709677419356,0,,missing_population,,2006-01-01,2025-05-01,2026-06-01T00:00:00+00:00,sinan_datasus,Brazil DATASUS SINAN,http://siab.datasus.gov.br/DATASUS/index.php?acao=41&area=0901&item=1,ftp_dbc,sinan_datasus,Brazil DATASUS SINAN,http://siab.datasus.gov.br/DATASUS/index.php?acao=41&area=0901&item=1,ftp_dbc
disease,D187,rabies-post-exposure-prophylaxis,Rabies post-exposure prophylaxis,BR,Brazil,D187,Rabies post-exposure prophylaxis,狂犬病暴露后处置,Other,2023-02-01,2023-02,54362,12275.290322580644,0,,missing_population,,2006-01-01,2025-05-01,2026-06-01T00:00:00+00:00,sinan_datasus,Brazil DATASUS SINAN,http://siab.datasus.gov.br/DATASUS/index.php?acao=41&area=0901&item=1,ftp_dbc,sinan_datasus,Brazil DATASUS SINAN,http://siab.datasus.gov.br/DATASUS/index.php?acao=41&area=0901&item=1,ftp_dbc
disease,D187,rabies-post-exposure-prophylaxis,Rabies post-exposure prophylaxis,BR,Brazil,D187,Rabies post-exposure prophylaxis,狂犬病暴露后处置,Other,2023-03-01,2023-03,60436,15109.0,0,,missing_population,,2006-01-01,2025-05-01,2026-06-01T00:00:00+00:00,sinan_datasus,Brazil DATASUS SINAN,http://siab.datasus.gov.br/DATASUS/index.php?acao=41&area=0901&item=1,ftp_dbc,sinan_datasus,Brazil DATASUS SINAN,http://siab.datasus.gov.br/DATASUS/index.php?acao=41&area=0901&item=1,ftp_dbc
disease,D187,rabies-post-exposure-prophylaxis,Rabies post-exposure prophylaxis,BR,Brazil,D187,Rabies post-exposure prophylaxis,狂犬病暴露后处置,Other,2023-04-01,2023-04,54265,12253.387096774193,0,,missing_population,,2006-01-01,2025-05-01,2026-06-01T00:00:00+00:00,sinan_datasus,Brazil DATASUS SINAN,http://siab.datasus.gov.br/DATASUS/index.php?acao=41&area=0901&item=1,ftp_dbc,sinan_datasus,Brazil DATASUS SINAN,http://siab.datasus.gov.br/DATASUS/index.php?acao=41&area=0901&item=1,ftp_dbc
disease,D187,rabies-post-exposure-prophylaxis,Rabies post-exposure prophylaxis,BR,Brazil,D187,Rabies post-exposure prophylaxis,狂犬病暴露后处置,Other,2023-05-01,2023-05,59696,13929.066666666666,0,,missing_population,,2006-01-01,2025-05-01,2026-06-01T00:00:00+00:00,sinan_datasus,Brazil DATASUS SINAN,http://siab.datasus.gov.br/DATASUS/index.php?acao=41&area=0901&item=1,ftp_dbc,sinan_datasus,Brazil DATASUS SINAN,http://siab.datasus.gov.br/DATASUS/index.php?acao=41&area=0901&item=1,ftp_dbc
disease,D187,rabies-post-exposure-prophylaxis,Rabies post-exposure prophylaxis,BR,Brazil,D187,Rabies post-exposure prophylaxis,狂犬病暴露后处置,Other,2023-06-01,2023-06,55493,12530.677419354837,0,,missing_population,,2006-01-01,2025-05-01,2026-06-01T00:00:00+00:00,sinan_datasus,Brazil DATASUS SINAN,http://siab.datasus.gov.br/DATASUS/index.php?acao=41&area=0901&item=1,ftp_dbc,sinan_datasus,Brazil DATASUS SINAN,http://siab.datasus.gov.br/DATASUS/index.php?acao=41&area=0901&item=1,ftp_dbc
disease,D187,rabies-post-exposure-prophylaxis,Rabies post-exposure prophylaxis,BR,Brazil,D187,Rabies post-exposure prophylaxis,狂犬病暴露后处置,Other,2023-07-01,2023-07,62559,14597.100000000002,0,,missing_population,,2006-01-01,2025-05-01,2026-06-01T00:00:00+00:00,sinan_datasus,Brazil DATASUS SINAN,http://siab.datasus.gov.br/DATASUS/index.php?acao=41&area=0901&item=1,ftp_dbc,sinan_datasus,Brazil DATASUS SINAN,http://siab.datasus.gov.br/DATASUS/index.php?acao=41&area=0901&item=1,ftp_dbc
disease,D187,rabies-post-exposure-prophylaxis,Rabies post-exposure prophylaxis,BR,Brazil,D187,Rabies post-exposure prophylaxis,狂犬病暴露后处置,Other,2023-08-01,2023-08,65210,14724.838709677419,0,,missing_population,,2006-01-01,2025-05-01,2026-06-01T00:00:00+00:00,sinan_datasus,Brazil DATASUS SINAN,http://siab.datasus.gov.br/DATASUS/index.php?acao=41&area=0901&item=1,ftp_dbc,sinan_datasus,Brazil DATASUS SINAN,http://siab.datasus.gov.br/DATASUS/index.php?acao=41&area=0901&item=1,ftp_dbc
disease,D187,rabies-post-exposure-prophylaxis,Rabies post-exposure prophylaxis,BR,Brazil,D187,Rabies post-exposure prophylaxis,狂犬病暴露后处置,Other,2023-09-01,2023-09,63319,14297.838709677419,0,,missing_population,,2006-01-01,2025-05-01,2026-06-01T00:00:00+00:00,sinan_datasus,Brazil DATASUS SINAN,http://siab.datasus.gov.br/DATASUS/index.php?acao=41&area=0901&item=1,ftp_dbc,sinan_datasus,Brazil DATASUS SINAN,http://siab.datasus.gov.br/DATASUS/index.php?acao=41&area=0901&item=1,ftp_dbc
disease,D187,rabies-post-exposure-prophylaxis,Rabies post-exposure prophylaxis,BR,Brazil,D187,Rabies post-exposure prophylaxis,狂犬病暴露后处置,Other,2023-10-01,2023-10,61506,14351.399999999998,0,,missing_population,,2006-01-01,2025-05-01,2026-06-01T00:00:00+00:00,sinan_datasus,Brazil DATASUS SINAN,http://siab.datasus.gov.br/DATASUS/index.php?acao=41&area=0901&item=1,ftp_dbc,sinan_datasus,Brazil DATASUS SINAN,http://siab.datasus.gov.br/DATASUS/index.php?acao=41&area=0901&item=1,ftp_dbc
disease,D187,rabies-post-exposure-prophylaxis,Rabies post-exposure prophylaxis,BR,Brazil,D187,Rabies post-exposure prophylaxis,狂犬病暴露后处置,Other,2023-11-01,2023-11,60065,13563.064516129032,0,,missing_population,,2006-01-01,2025-05-01,2026-06-01T00:00:00+00:00,sinan_datasus,Brazil DATASUS SINAN,http://siab.datasus.gov.br/DATASUS/index.php?acao=41&area=0901&item=1,ftp_dbc,sinan_datasus,Brazil DATASUS SINAN,http://siab.datasus.gov.br/DATASUS/index.php?acao=41&area=0901&item=1,ftp_dbc
disease,D187,rabies-post-exposure-prophylaxis,Rabies post-exposure prophylaxis,BR,Brazil,D187,Rabies post-exposure prophylaxis,狂犬病暴露后处置,Other,2023-12-01,2023-12,58790,13717.666666666668,0,,missing_population,,2006-01-01,2025-05-01,2026-06-01T00:00:00+00:00,sinan_datasus,Brazil DATASUS SINAN,http://siab.datasus.gov.br/DATASUS/index.php?acao=41&area=0901&item=1,ftp_dbc,sinan_datasus,Brazil DATASUS SINAN,http://siab.datasus.gov.br/DATASUS/index.php?acao=41&area=0901&item=1,ftp_dbc
disease,D187,rabies-post-exposure-prophylaxis,Rabies post-exposure prophylaxis,BR,Brazil,D187,Rabies post-exposure prophylaxis,狂犬病暴露后处置,Other,2024-01-01,2024-01,67716,15290.709677419356,0,,missing_population,,2006-01-01,2025-05-01,2026-06-01T00:00:00+00:00,sinan_datasus,Brazil DATASUS SINAN,http://siab.datasus.gov.br/DATASUS/index.php?acao=41&area=0901&item=1,ftp_dbc,sinan_datasus,Brazil DATASUS SINAN,http://siab.datasus.gov.br/DATASUS/index.php?acao=41&area=0901&item=1,ftp_dbc
disease,D187,rabies-post-exposure-prophylaxis,Rabies post-exposure prophylaxis,BR,Brazil,D187,Rabies post-exposure prophylaxis,狂犬病暴露后处置,Other,2024-02-01,2024-02,58175,13136.290322580644,0,,missing_population,,2006-01-01,2025-05-01,2026-06-01T00:00:00+00:00,sinan_datasus,Brazil DATASUS SINAN,http://siab.datasus.gov.br/DATASUS/index.php?acao=41&area=0901&item=1,ftp_dbc,sinan_datasus,Brazil DATASUS SINAN,http://siab.datasus.gov.br/DATASUS/index.php?acao=41&area=0901&item=1,ftp_dbc
disease,D187,rabies-post-exposure-prophylaxis,Rabies post-exposure prophylaxis,BR,Brazil,D187,Rabies post-exposure prophylaxis,狂犬病暴露后处置,Other,2024-03-01,2024-03,58464,14112.0,0,,missing_population,,2006-01-01,2025-05-01,2026-06-01T00:00:00+00:00,sinan_datasus,Brazil DATASUS SINAN,http://siab.datasus.gov.br/DATASUS/index.php?acao=41&area=0901&item=1,ftp_dbc,sinan_datasus,Brazil DATASUS SINAN,http://siab.datasus.gov.br/DATASUS/index.php?acao=41&area=0901&item=1,ftp_dbc
disease,D187,rabies-post-exposure-prophylaxis,Rabies post-exposure prophylaxis,BR,Brazil,D187,Rabies post-exposure prophylaxis,狂犬病暴露后处置,Other,2024-04-01,2024-04,59147,13355.774193548386,0,,missing_population,,2006-01-01,2025-05-01,2026-06-01T00:00:00+00:00,sinan_datasus,Brazil DATASUS SINAN,http://siab.datasus.gov.br/DATASUS/index.php?acao=41&area=0901&item=1,ftp_dbc,sinan_datasus,Brazil DATASUS SINAN,http://siab.datasus.gov.br/DATASUS/index.php?acao=41&area=0901&item=1,ftp_dbc
disease,D187,rabies-post-exposure-prophylaxis,Rabies post-exposure prophylaxis,BR,Brazil,D187,Rabies post-exposure prophylaxis,狂犬病暴露后处置,Other,2024-05-01,2024-05,59666,13922.066666666666,0,,missing_population,,2006-01-01,2025-05-01,2026-06-01T00:00:00+00:00,sinan_datasus,Brazil DATASUS SINAN,http://siab.datasus.gov.br/DATASUS/index.php?acao=41&area=0901&item=1,ftp_dbc,sinan_datasus,Brazil DATASUS SINAN,http://siab.datasus.gov.br/DATASUS/index.php?acao=41&area=0901&item=1,ftp_dbc
disease,D187,rabies-post-exposure-prophylaxis,Rabies post-exposure prophylaxis,BR,Brazil,D187,Rabies post-exposure prophylaxis,狂犬病暴露后处置,Other,2024-06-01,2024-06,60730,13713.225806451614,0,,missing_population,,2006-01-01,2025-05-01,2026-06-01T00:00:00+00:00,sinan_datasus,Brazil DATASUS SINAN,http://siab.datasus.gov.br/DATASUS/index.php?acao=41&area=0901&item=1,ftp_dbc,sinan_datasus,Brazil DATASUS SINAN,http://siab.datasus.gov.br/DATASUS/index.php?acao=41&area=0901&item=1,ftp_dbc
disease,D187,rabies-post-exposure-prophylaxis,Rabies post-exposure prophylaxis,BR,Brazil,D187,Rabies post-exposure prophylaxis,狂犬病暴露后处置,Other,2024-07-01,2024-07,64243,14990.033333333333,0,,missing_population,,2006-01-01,2025-05-01,2026-06-01T00:00:00+00:00,sinan_datasus,Brazil DATASUS SINAN,http://siab.datasus.gov.br/DATASUS/index.php?acao=41&area=0901&item=1,ftp_dbc,sinan_datasus,Brazil DATASUS SINAN,http://siab.datasus.gov.br/DATASUS/index.php?acao=41&area=0901&item=1,ftp_dbc
disease,D187,rabies-post-exposure-prophylaxis,Rabies post-exposure prophylaxis,BR,Brazil,D187,Rabies post-exposure prophylaxis,狂犬病暴露后处置,Other,2024-08-01,2024-08,66160,14939.354838709676,0,,missing_population,,2006-01-01,2025-05-01,2026-06-01T00:00:00+00:00,sinan_datasus,Brazil DATASUS SINAN,http://siab.datasus.gov.br/DATASUS/index.php?acao=41&area=0901&item=1,ftp_dbc,sinan_datasus,Brazil DATASUS SINAN,http://siab.datasus.gov.br/DATASUS/index.php?acao=41&area=0901&item=1,ftp_dbc
disease,D187,rabies-post-exposure-prophylaxis,Rabies post-exposure prophylaxis,BR,Brazil,D187,Rabies post-exposure prophylaxis,狂犬病暴露后处置,Other,2024-09-01,2024-09,67182,15170.129032258064,0,,missing_population,,2006-01-01,2025-05-01,2026-06-01T00:00:00+00:00,sinan_datasus,Brazil DATASUS SINAN,http://siab.datasus.gov.br/DATASUS/index.php?acao=41&area=0901&item=1,ftp_dbc,sinan_datasus,Brazil DATASUS SINAN,http://siab.datasus.gov.br/DATASUS/index.php?acao=41&area=0901&item=1,ftp_dbc
disease,D187,rabies-post-exposure-prophylaxis,Rabies post-exposure prophylaxis,BR,Brazil,D187,Rabies post-exposure prophylaxis,狂犬病暴露后处置,Other,2024-10-01,2024-10,65934,15384.600000000002,0,,missing_population,,2006-01-01,2025-05-01,2026-06-01T00:00:00+00:00,sinan_datasus,Brazil DATASUS SINAN,http://siab.datasus.gov.br/DATASUS/index.php?acao=41&area=0901&item=1,ftp_dbc,sinan_datasus,Brazil DATASUS SINAN,http://siab.datasus.gov.br/DATASUS/index.php?acao=41&area=0901&item=1,ftp_dbc
disease,D187,rabies-post-exposure-prophylaxis,Rabies post-exposure prophylaxis,BR,Brazil,D187,Rabies post-exposure prophylaxis,狂犬病暴露后处置,Other,2024-11-01,2024-11,62354,14079.935483870968,0,,missing_population,,2006-01-01,2025-05-01,2026-06-01T00:00:00+00:00,sinan_datasus,Brazil DATASUS SINAN,http://siab.datasus.gov.br/DATASUS/index.php?acao=41&area=0901&item=1,ftp_dbc,sinan_datasus,Brazil DATASUS SINAN,http://siab.datasus.gov.br/DATASUS/index.php?acao=41&area=0901&item=1,ftp_dbc
disease,D187,rabies-post-exposure-prophylaxis,Rabies post-exposure prophylaxis,BR,Brazil,D187,Rabies post-exposure prophylaxis,狂犬病暴露后处置,Other,2024-12-01,2024-12,63270,14763.0,0,,missing_population,,2006-01-01,2025-05-01,2026-06-01T00:00:00+00:00,sinan_datasus,Brazil DATASUS SINAN,http://siab.datasus.gov.br/DATASUS/index.php?acao=41&area=0901&item=1,ftp_dbc,sinan_datasus,Brazil DATASUS SINAN,http://siab.datasus.gov.br/DATASUS/index.php?acao=41&area=0901&item=1,ftp_dbc
disease,D187,rabies-post-exposure-prophylaxis,Rabies post-exposure prophylaxis,BR,Brazil,D187,Rabies post-exposure prophylaxis,狂犬病暴露后处置,Other,2025-01-01,2025-01,73898,16686.645161290326,0,,missing_population,,2006-01-01,2025-05-01,2026-06-01T00:00:00+00:00,sinan_datasus,Brazil DATASUS SINAN,http://siab.datasus.gov.br/DATASUS/index.php?acao=41&area=0901&item=1,ftp_dbc,sinan_datasus,Brazil DATASUS SINAN,http://siab.datasus.gov.br/DATASUS/index.php?acao=41&area=0901&item=1,ftp_dbc
disease,D187,rabies-post-exposure-prophylaxis,Rabies post-exposure prophylaxis,BR,Brazil,D187,Rabies post-exposure prophylaxis,狂犬病暴露后处置,Other,2025-02-01,2025-02,64239,14505.580645161288,0,,missing_population,,2006-01-01,2025-05-01,2026-06-01T00:00:00+00:00,sinan_datasus,Brazil DATASUS SINAN,http://siab.datasus.gov.br/DATASUS/index.php?acao=41&area=0901&item=1,ftp_dbc,sinan_datasus,Brazil DATASUS SINAN,http://siab.datasus.gov.br/DATASUS/index.php?acao=41&area=0901&item=1,ftp_dbc
disease,D187,rabies-post-exposure-prophylaxis,Rabies post-exposure prophylaxis,BR,Brazil,D187,Rabies post-exposure prophylaxis,狂犬病暴露后处置,Other,2025-03-01,2025-03,60896,15223.999999999998,0,,missing_population,,2006-01-01,2025-05-01,2026-06-01T00:00:00+00:00,sinan_datasus,Brazil DATASUS SINAN,http://siab.datasus.gov.br/DATASUS/index.php?acao=41&area=0901&item=1,ftp_dbc,sinan_datasus,Brazil DATASUS SINAN,http://siab.datasus.gov.br/DATASUS/index.php?acao=41&area=0901&item=1,ftp_dbc
disease,D187,rabies-post-exposure-prophylaxis,Rabies post-exposure prophylaxis,BR,Brazil,D187,Rabies post-exposure prophylaxis,狂犬病暴露后处置,Other,2025-04-01,2025-04,48619,10978.48387096774,0,,missing_population,,2006-01-01,2025-05-01,2026-06-01T00:00:00+00:00,sinan_datasus,Brazil DATASUS SINAN,http://siab.datasus.gov.br/DATASUS/index.php?acao=41&area=0901&item=1,ftp_dbc,sinan_datasus,Brazil DATASUS SINAN,http://siab.datasus.gov.br/DATASUS/index.php?acao=41&area=0901&item=1,ftp_dbc
disease,D187,rabies-post-exposure-prophylaxis,Rabies post-exposure prophylaxis,BR,Brazil,D187,Rabies post-exposure prophylaxis,狂犬病暴露后处置,Other,2025-05-01,2025-05,23912,5579.466666666667,0,,missing_population,,2006-01-01,2025-05-01,2026-06-01T00:00:00+00:00,sinan_datasus,Brazil DATASUS SINAN,http://siab.datasus.gov.br/DATASUS/index.php?acao=41&area=0901&item=1,ftp_dbc,sinan_datasus,Brazil DATASUS SINAN,http://siab.datasus.gov.br/DATASUS/index.php?acao=41&area=0901&item=1,ftp_dbc
